outlier_score,prediciton,label
-1.0375046582833245,视频,诗歌
-0.9913523431183944,视频,聊天
-1.12450954357127,视频,诗歌
-1.155248793137925,视频,翻译
-1.0901440682404941,视频,翻译
-1.1813274325606957,视频,聊天
-1.1282241319706938,网站,公交
-1.1197676428569712,健康,食谱
-0.9913339728179904,视频,聊天
-1.1324257585651036,视频,聊天
-1.147211115257606,视频,翻译
-1.0375255526744094,时间,天气
-1.0513412782601275,视频,食谱
-1.1250805841731095,视频,股票
-0.960791437206163,视频,节目
-1.0525148053759725,视频,聊天
-1.2571166093789807,视频,聊天
-1.2743058641880565,视频,聊天
-1.1740563029560858,视频,电视频道
-1.1941103337554675,视频,食谱
-1.1677425850267997,视频,聊天
-0.9663956001753491,视频,诗歌
-1.1329008187035154,视频,聊天
-1.038862331836839,网站,股票
-1.0717039253275726,时间,聊天
-1.1418541222108958,视频,电台
-1.0536885015257378,视频,诗歌
-1.0400374310715277,视频,飞机
-1.0483756657583365,健康,聊天
-1.1778351842278414,视频,食谱
-1.0579137989761944,视频,聊天
-1.0859521717697558,视频,聊天
-0.9720658197030078,视频,音乐
-1.1561311369055844,健康,食谱
-1.0739151865806904,视频,食谱
-1.0062936491211723,视频,电视频道
-1.091642521728299,视频,聊天
-1.1839259203896857,视频,诗歌
-1.0949586309291028,视频,诗歌
-0.9609440001920355,视频,节目
-1.151480086700695,视频,节目
-1.059174425779617,网站,飞机
-1.0686257243632802,网站,日程
-1.1066870676966851,健康,聊天
-1.0788386208298397,时间,聊天
-1.08178753186076,视频,食谱
-1.0861523714448276,视频,食谱
-1.0355810719840037,视频,诗歌
-1.0797763441749253,视频,聊天
-1.1094171331884752,视频,诗歌
-1.1897048332087699,视频,食谱
-1.2295619706663306,视频,食谱
-0.973161355692071,视频,节目
-1.0453479088522852,时间,天气
-1.059526985333161,网站,飞机
-1.1127660381943558,视频,食谱
-1.0724215320099686,网站,股票
-1.0578144210377052,视频,翻译
-1.1869463040120347,视频,食谱
-1.0506140967612896,视频,食谱
-0.9649045955643126,视频,电影
-1.0221821471583281,视频,节目
-0.9818728273722799,视频,新闻
-1.049366437118264,网站,飞机
-1.1698748430935462,视频,食谱
-1.1361918147833783,健康,食谱
-1.033225435814235,视频,聊天
-0.9990137536172737,视频,聊天
-1.0559753210577214,网站,火车
-0.9935640840470242,视频,聊天
-1.2560107604259452,视频,聊天
-1.0446555094719212,比赛,聊天
-1.1726160815670919,视频,聊天
-0.9979147994857558,网站,app
-1.0550158708529005,网站,节目
-1.053677426328087,网站,飞机
-1.0602837167549177,网站,火车
-0.9923080344712265,联络,短信
-1.1068664878371952,健康,聊天
-1.076762623908071,视频,聊天
-1.0738794276941372,网站,聊天
-1.0417816462893286,网站,火车
-1.1062438116101403,时间,天气
-1.1704323281986164,视频,抽奖
-1.1180287247609841,视频,电台
-0.9631786957585474,视频,音乐
-1.0554712500440786,网站,飞机
-1.0621733001545957,网站,火车
-0.9834822032403249,视频,音乐
-0.9617381378334102,视频,音乐
-1.2127621150763384,视频,食谱
-1.054585579877887,时间,天气
-1.034159557363653,网站,抽奖
-1.0589241814749006,网站,app
-1.0548880873189712,网站,股票
-1.313258117625121,视频,食谱
-0.9770001548141154,视频,聊天
-1.0225387860075934,视频,聊天
-1.1221750340729053,视频,聊天
-1.1586185951602448,视频,股票
-1.0609949026879124,视频,诗歌
-1.2213708559655314,视频,聊天
-0.9708961665255709,视频,诗歌
-1.1794599347953456,视频,食谱
-1.1373245118162476,视频,股票
-1.1187012690386398,视频,翻译
-1.1029517934937012,视频,聊天
-0.9708941890980622,视频,诗歌
-0.9966194771715567,视频,新闻
-0.976468318349957,视频,电视频道
-1.0459376124711723,视频,股票
-0.9825087170971383,网站,app
-1.1995302046779865,视频,食谱
-1.0980265417903003,网站,聊天
-0.9623693568167695,视频,聊天
-1.050473366294537,时间,公交
-1.067843352862095,视频,食谱
-1.0457270259488827,网站,聊天
-1.0416799477344572,网站,火车
-1.0743714896380259,网站,飞机
-0.9572422681143626,视频,食谱
-1.0844740740408885,视频,聊天
-1.0134669962588803,视频,计算
-1.1538856150210195,视频,翻译
-1.1120632686631187,视频,地图
-1.0543322817609875,网站,地图
-1.0648419570503438,网站,地图
-1.0782120025116622,视频,股票
-1.1821623596176958,视频,诗歌
-1.0470574156342063,时间,天气
-1.0483044380288038,网站,飞机
-1.1354833371700146,视频,聊天
-1.067320953596053,网站,飞机
-1.2284000681800227,视频,节目
-0.9863892492819195,网站,app
-1.227287028347945,视频,节目
-1.0420731191616641,视频,地图
-0.9620629853124576,视频,聊天
-0.9682205336370788,视频,聊天
-1.011218674678515,视频,新闻
-1.0678782936567548,网站,火车
-1.2012360468905188,视频,食谱
-1.04785182171081,网站,聊天
-1.1284988087395518,视频,诗歌
-0.9842675380439733,视频,聊天
-1.1385087181657862,视频,食谱
-1.1216389289729576,视频,地图
-1.0974107505490602,健康,食谱
-1.2725711097017094,视频,聊天
-0.9840248647926181,视频,谜语
-1.1597312370904505,视频,节目
-1.108828774686741,视频,聊天
-1.0402340916760353,时间,天气
-1.1553501864595248,视频,聊天
-1.0632708544124525,视频,聊天
-1.087334723921689,视频,新闻
-1.0839763191922174,健康,食谱
-0.9781407206102177,视频,新闻
-1.0178250905260966,视频,电视频道
-1.0871960520083703,视频,地图
-1.2544429938626824,视频,食谱
-1.0481860346730956,视频,火车
-1.2360143396382268,视频,食谱
-1.0525167340681085,网站,飞机
-1.0456873573694534,网站,公交
-1.0414186419134717,视频,电视频道
-1.2087153822241632,视频,聊天
-0.9593468887772465,视频,电影
-1.0370371903323927,比赛,计算
-1.0734003557039271,网站,股票
-1.257474810410434,视频,翻译
-1.0422985240674694,网站,股票
-1.2146451124104647,视频,聊天
-1.1155350909675363,视频,电视频道
-0.9716337069320631,视频,音乐
-1.172333758159225,视频,email
-1.0047227867382023,视频,食谱
-1.09961352314149,视频,聊天
-1.0086368121902658,视频,聊天
-1.1867927618249645,视频,食谱
-1.086921550838833,视频,诗歌
-1.1517936518958818,网站,公交
-0.9929187250354365,网站,app
-1.0962153959170808,视频,食谱
-1.0343262999927674,视频,聊天
-0.9951648762899472,网站,app
-1.1137231280178286,视频,飞机
-1.1059788606518197,视频,节目
-1.0865737176625352,网站,聊天
-1.1333692482208726,健康,食谱
-1.0929031807443401,视频,聊天
-1.068930238280489,网站,公交
-1.2027952141605707,视频,食谱
-1.2246124272374082,视频,聊天
-1.1081357749032272,视频,节目
-1.1403710369850109,视频,聊天
-1.0863865892257787,视频,食谱
-1.0397145854913963,网站,app
-1.2636328631613196,健康,日程
-1.0315510971460706,视频,股票
-1.0865831728003246,视频,聊天
-1.2115799011745985,视频,食谱
-0.9839558933067474,视频,节目
-1.0334428909186242,视频,公交
-0.9572507707911901,视频,诗歌
-0.9809307841680328,视频,诗歌
-1.0476980816675783,网站,股票
-1.0459597525883357,视频,抽奖
-1.1681702875977145,视频,聊天
-1.0358659040587799,视频,电视频道
-0.9594583065762947,视频,音乐
-1.0935402637037313,网站,地图
-1.1507003710400296,视频,节目
-1.0725778762426188,网站,火车
-0.9772613139206374,视频,节目
-1.263692741295585,视频,聊天
-1.182647413669778,视频,聊天
-1.2097378967267627,视频,聊天
-1.0407938423770182,视频,诗歌
-1.2672554564390823,视频,翻译
-1.0830947125725943,视频,电视频道
-1.0291974466018479,健康,食谱
-1.02932905734358,视频,食谱
-1.0524001388093542,网站,食谱
-1.0444468696893352,网站,火车
-1.0666719148388242,视频,聊天
-1.1669554530999584,视频,节目
-1.0498292778977791,网站,股票
-1.1974043914474906,视频,聊天
-1.1288232743794153,视频,电视频道
-1.1626835398746258,视频,食谱
-1.193758539163296,视频,食谱
-1.1390257901458631,健康,食谱
-0.9904521069812731,网站,app
-0.9690354856900821,视频,电视频道
-1.0144123050948266,视频,电台
-0.957117374074228,视频,电影
-1.0209511338123969,视频,谜语
-1.055725810296062,时间,天气
-1.052640418478345,网站,火车
-1.1479397115239673,视频,聊天
-0.9882646566958442,视频,节目
-1.082104847592896,网站,火车
-0.9546041892851912,视频,聊天
-1.030351945976321,视频,聊天
-1.2715177806953322,视频,聊天
-0.9735045500820976,视频,诗歌
-1.080599518619224,视频,食谱
-1.0562619206176111,网站,飞机
-0.9676023320097379,视频,小说
-1.1133852158993247,健康,聊天
-1.0806249589133496,网站,地图
-1.0555593047959515,视频,谜语
-1.165766989373187,视频,抽奖
-0.9738245189522899,视频,新闻
-1.080712513317507,视频,音乐
-1.0502024188381482,网站,email
-1.095769294311161,视频,聊天
-1.054649765419963,网站,火车
-1.0578508949952021,网站,计算
-1.077259659654399,网站,地图
-1.2556916402031468,视频,食谱
-0.9746989607898243,视频,音乐
-1.116806886694515,视频,聊天
-1.0816544232452219,电话,短信
-0.9681623581227802,视频,小说
-1.033741345183799,视频,诗歌
-1.3334764414051685,视频,聊天
-1.0455353896201252,视频,节目
-1.0409067633649076,网站,火车
-1.1641910638986641,视频,聊天
-1.035578719289102,视频,食谱
-1.2882277960283655,视频,聊天
-1.164042203750387,视频,飞机
-1.0419503083119226,网站,火车
-0.9818101736373818,视频,电影
-1.0663144760317989,视频,食谱
-1.0063525094092751,视频,电视频道
-1.136998095336256,视频,聊天
-1.004458364894307,视频,聊天
-1.055088204484622,视频,食谱
-1.050401864084489,时间,天气
-1.0928167217155997,网站,天气
-1.1563977286639853,视频,email
-1.2326070146336108,视频,食谱
-1.0321825650793977,视频,翻译
-1.147301999810853,视频,聊天
-1.1541069491698264,视频,聊天
-1.1274912909520178,视频,节目
-0.9862198477996383,视频,翻译
-1.1030502905811785,视频,聊天
-1.0408584496709354,电话,短信
-1.0532941728579537,电话,短信
-1.0579324338852707,网站,火车
-0.9501006954570694,视频,电影
-1.0792558403965793,视频,食谱
-0.9867586620363109,视频,聊天
-1.2559919008385705,视频,食谱
-1.2317881903954526,视频,食谱
-1.160123565714947,视频,聊天
-1.1391669988092576,网站,地图
-1.0561303383921241,健康,日程
-1.0890140030125741,视频,食谱
-1.0605633445156575,视频,节目
-1.059227497550546,网站,飞机
-1.0683471032613094,视频,食谱
-1.2632304390623,视频,短信
-1.2618608347252211,视频,食谱
-1.0593560269888092,网站,飞机
-1.0388485088010437,电话,短信
-1.0468898882930746,网站,火车
-1.0931203875353126,视频,翻译
-0.9545977710342495,视频,电影
-1.0353580565526115,视频,公交
-1.1573093865200919,视频,聊天
-1.0638584658374879,网站,计算
-1.0607927612928916,时间,天气
-1.051255687113376,电话,短信
-1.0015026916858685,视频,新闻
-1.047662824863687,时间,天气
-1.0823253651952616,视频,翻译
-1.125736371249658,视频,抽奖
-1.2324691819360267,视频,食谱
-1.3977792651668408,视频,谜语
-1.0217530450938426,视频,电视频道
-1.2444247272167615,视频,聊天
-1.1239487709441833,网站,计算
-1.0394016921863278,视频,节目
-1.037036127326838,视频,聊天
-1.0591747786958403,网站,食谱
-1.1521933118390688,视频,地图
-1.0823000253750583,视频,股票
-1.0088271111677405,视频,新闻
-1.1817820863118254,视频,电视频道
-1.1179146409397904,电话,聊天
-1.0476887940171105,网站,地图
-0.953161076011645,视频,音乐
-1.1154935043760923,视频,电台
-0.9704575664748377,视频,聊天
-1.1700571079100848,视频,食谱
-1.0429184336810988,视频,地图
-1.0953780416792038,视频,食谱
-1.154331216120788,视频,抽奖
-1.028687927821387,视频,聊天
-0.9816252054764781,视频,聊天
-0.9712571517847403,视频,小说
-1.0458896219296718,时间,天气
-1.0005102121360645,视频,电视频道
-0.9727789479206933,视频,小说
-1.00833377208043,视频,聊天
-1.1487622429759419,视频,电台
-1.1426798945499401,视频,聊天
-1.0212303785548786,视频,电视频道
-1.2501742678550076,视频,聊天
-1.072699786506253,网站,天气
-0.9547753377812777,视频,聊天
-1.0608416278994777,网站,火车
-1.2504153405674316,视频,聊天
-0.9735359386087301,视频,聊天
-1.1732526458403876,健康,聊天
-1.0461007280012282,视频,翻译
-1.1168283310906295,视频,聊天
-1.1545780994699038,视频,聊天
-1.2027275847768968,视频,翻译
-0.9665202543083374,视频,聊天
-1.057939478132043,视频,新闻
-1.2354845302732316,视频,食谱
-1.1501608643033245,视频,聊天
-0.9745625408653394,视频,音乐
-1.0429947769463885,时间,天气
-1.0741286959072562,电话,短信
-0.9655052730056793,视频,小说
-0.98794646466139,视频,节目
-1.0617820007376915,网站,公交
-1.1591268401287198,视频,诗歌
-1.0852816336193605,视频,食谱
-1.0091317133455906,视频,音乐
-1.2299751102951262,视频,食谱
-1.0944759892682776,视频,食谱
-1.1000895935641857,视频,食谱
-1.0378484179806344,视频,聊天
-1.1231757591987241,电话,短信
-1.0574840938204717,视频,股票
-1.037179002215729,网站,火车
-1.2045457096596022,视频,翻译
-1.0444055209410257,网站,火车
-1.1901467171760605,视频,app
-1.0886857567355082,视频,音乐
-1.1007791528386108,视频,食谱
-1.2119108139675627,视频,聊天
-1.0357633104602202,视频,食谱
-1.0946966310178259,视频,聊天
-1.0545217672433886,视频,诗歌
-1.052292810341879,联络,聊天
-1.081602405409616,健康,聊天
-0.9702033906161234,视频,翻译
-1.0557143666323507,网站,股票
-1.2281851750044077,视频,食谱
-1.21727658347045,视频,聊天
-0.9554359515324886,视频,电影
-1.0429881680370434,视频,app
-1.2637028370022108,视频,食谱
-1.0966080472153563,视频,聊天
-1.014418184588774,视频,节目
-1.1136223124782973,电话,聊天
-1.046061382445914,视频,诗歌
-0.9977928745206247,视频,聊天
-1.0485639078868563,视频,聊天
-0.9607418975880337,视频,小说
-0.9737113199920749,视频,音乐
-1.034288910969122,视频,聊天
-1.043962337458819,视频,聊天
-0.9590346498727491,视频,谜语
-0.9996676860362543,视频,新闻
-1.151450595962716,视频,聊天
-1.31968977820904,视频,聊天
-1.039008227453093,时间,天气
-1.1164895552143403,视频,诗歌
-1.0936479780375137,视频,天气
-1.097264205537975,视频,聊天
-1.2438063298893463,视频,聊天
-1.0097298793045741,视频,音乐
-1.2245533844254257,视频,食谱
-1.2008796915531585,视频,节目
-0.9519487724750588,视频,诗歌
-0.9561794772689554,视频,音乐
-1.0267661531946213,视频,食谱
-0.9907942056958188,视频,电视频道
-1.0506508836874748,网站,app
-0.9587136216915632,视频,电影
-1.0779016232502587,健康,食谱
-0.9850343686757942,视频,音乐
-1.0739852634067286,网站,飞机
-0.9830679523891531,视频,新闻
-1.0700071624608587,视频,聊天
-0.9756253063154716,视频,聊天
-1.0474117254988724,电话,短信
-1.0294875794261922,视频,谜语
-1.053789997412169,视频,聊天
-1.0173014388966983,视频,电视频道
-1.0367273816499307,网站,火车
-1.1796676588192252,视频,计算
-1.0686268991057717,网站,飞机
-1.1520276110983674,健康,食谱
-1.0691490427231558,时间,天气
-1.0673127794966908,视频,抽奖
-1.0387860872622938,视频,诗歌
-1.0695566139067356,网站,火车
-1.0844360522613634,视频,email
-1.0039998398881165,联络,短信
-1.0126375214625902,视频,诗歌
-1.0495032590216267,视频,聊天
-1.143924141237985,视频,节目
-0.9911126755670601,视频,电视频道
-0.9675529193355666,视频,新闻
-1.1513939858528788,视频,聊天
-1.016892062382825,视频,新闻
-1.0816190881483565,健康,食谱
-0.9901616289486516,视频,诗歌
-1.058025130226434,视频,聊天
-0.9648225039559051,视频,谜语
-0.9670940940997342,视频,聊天
-0.9784264662882658,视频,小说
-1.0294647949942297,视频,聊天
-0.9748175039701582,视频,音乐
-1.1578424831025589,视频,节目
-1.2614118723432697,视频,聊天
-1.0442575133981369,视频,日程
-1.0982693881371304,视频,食谱
-1.1819815485954601,视频,聊天
-1.2012604519056975,视频,电台
-1.1721792595564364,视频,诗歌
-0.978417380321221,视频,音乐
-1.1604854897060937,视频,聊天
-0.9918515826885743,视频,聊天
-1.0489683268438432,视频,聊天
-1.2130580216922906,视频,聊天
-1.1657413558327767,视频,聊天
-1.0484094328094171,视频,节目
-1.2404841266016944,视频,节目
-1.0781424996225986,时间,天气
-1.0310907343935773,视频,计算
-1.0937311290162168,视频,食谱
-1.0597395983351192,电话,短信
-1.0078338907906292,视频,新闻
-0.988099419835847,视频,诗歌
-0.9679235669054407,视频,聊天
-1.085884660433257,网站,地图
-1.0531620357951987,时间,日程
-1.1046354441083202,视频,聊天
-1.0376904389611243,电话,短信
-1.038871585992591,视频,节目
-1.1072146338888726,网站,电视频道
-1.1017425632458542,视频,食谱
-1.2328153861977895,视频,聊天
-1.0477667643531532,网站,飞机
-1.1617659626101176,视频,聊天
-1.0627122708732086,网站,股票
-1.0968428987550725,网站,地图
-1.0909343227196948,视频,抽奖
-1.0492394122050102,时间,天气
-1.0833350788834633,视频,聊天
-1.0574139405891612,网站,股票
-1.1165384990979716,视频,电台
-0.9666268980342885,视频,聊天
-0.9727070182134403,视频,聊天
-1.1397747522237243,视频,短信
-1.1560625128049522,视频,食谱
-1.014828203597836,视频,email
-0.9585180228017494,视频,诗歌
-1.1361001769218633,视频,谜语
-1.0946720630528133,网站,天气
-1.0675927296205814,网站,地图
-1.0392837506836168,视频,聊天
-1.0627375004500563,视频,食谱
-1.2436370718495742,视频,聊天
-1.0646251619411622,视频,食谱
-0.9720309472411586,视频,聊天
-0.9714447681227094,视频,节目
-1.100422184218779,健康,谜语
-1.2386922124332778,视频,翻译
-1.0752136710440419,健康,食谱
-1.0612985442285572,网站,地图
-1.0755531434496175,视频,聊天
-1.2664517344847726,视频,聊天
-1.085014645676618,视频,股票
-1.0215002768619785,视频,谜语
-1.1244417954633867,健康,食谱
-1.0669606802393652,健康,食谱
-1.0057511256794256,视频,地图
-0.9821896416975238,网站,app
-1.0964561878795767,网站,地图
-1.2603630152020078,视频,食谱
-1.053320338200534,网站,聊天
-1.2345442914354892,视频,日程
-1.1602140037673814,视频,翻译
-1.1847266776867726,视频,新闻
-0.9581424402510204,视频,聊天
-1.1210830933191895,视频,email
-1.0167186189502324,联络,计算
-1.2380211105491532,视频,app
-0.9914766593267734,联络,短信
-1.005776152500038,视频,新闻
-1.0528457672801694,电话,短信
-1.1985215936469065,视频,聊天
-1.242928547627834,视频,聊天
-1.0398199532180097,视频,聊天
-1.0362734639658515,视频,新闻
-0.9589598632484213,视频,小说
-1.0424728810693187,视频,火车
-1.0451166185971483,电话,短信
-0.9805830150624025,视频,股票
-0.9748236835484985,视频,节目
-0.9906148783974702,视频,聊天
-1.1055375367920646,健康,食谱
-0.9896757825881695,网站,app
-1.1244113605937687,视频,地图
-1.1746365712040574,视频,食谱
-1.0778941559743842,时间,天气
-1.2174869447176382,视频,翻译
-1.0554744668690916,视频,电视频道
-1.1599527271001644,视频,诗歌
-1.0143674483431033,电话,短信
-1.1987353116156947,视频,食谱
-1.1751676702037104,视频,聊天
-0.9651043727833166,视频,谜语
-1.0033159823145055,视频,翻译
-1.2021687235652148,视频,食谱
-1.0410038650952376,视频,聊天
-1.2120525526859143,视频,节目
-1.0431703011531535,时间,天气
-0.9762750537416653,视频,音乐
-1.0665576647885344,视频,地图
-0.961198258060123,视频,诗歌
-1.1891144084985268,视频,电视频道
-1.1468126539540666,视频,app
-1.044330488215788,视频,飞机
-1.067781155683095,网站,飞机
-0.9642824876914527,视频,聊天
-1.0389332689222708,时间,火车
-1.1675158538181116,视频,飞机
-1.2308017110402762,视频,食谱
-1.0768221958523232,视频,股票
-0.9702990003732728,视频,节目
-1.2424313558397517,视频,聊天
-1.024926285152111,网站,电台
-1.0024346799747517,视频,聊天
-1.054976414152094,网站,日程
-1.0422156235635696,网站,股票
-0.9889722027274755,视频,音乐
-1.0427851400572856,视频,股票
-1.058975168264208,视频,食谱
-1.0926149888700543,视频,节目
-1.0493536179019856,视频,食谱
-1.1058487159577726,视频,音乐
-0.9655313439658233,视频,聊天
-0.9948131698099545,视频,音乐
-0.981401887109468,视频,聊天
-1.0676346269849657,网站,火车
-1.1799225622878438,健康,食谱
-1.1981590784089988,视频,新闻
-1.1943947012448173,视频,日程
-1.09545433866049,视频,聊天
-0.9656604642170391,视频,节目
-1.1672858202296397,视频,email
-0.958735253940502,视频,聊天
-1.0328437753414128,视频,地图
-1.0308359504899223,视频,诗歌
-0.9974592171160481,网站,app
-1.016820811267957,视频,电视频道
-1.0271073861672306,视频,email
-0.9899644532246962,联络,短信
-1.016083229187365,视频,新闻
-1.0830340128090543,视频,诗歌
-1.0597289947417994,视频,节目
-1.0394397925006067,电话,短信
-1.103398885027841,网站,食谱
-1.2019527497101659,视频,新闻
-0.9941894965785585,联络,短信
-1.046227728632629,网站,地图
-1.0876673050045471,视频,电视频道
-1.1263743063705247,视频,股票
-1.0027723494798053,网站,app
-1.1774439645002996,视频,翻译
-0.9790950624485392,网站,app
-1.1266733770937878,视频,日程
-1.1952538804028312,视频,节目
-1.0660006517566338,时间,天气
-1.048432673796306,网站,地图
-1.1087734480580809,健康,食谱
-1.058001427967689,视频,聊天
-1.0971849209677518,视频,食谱
-1.057094576496642,网站,地图
-1.0915128293796794,健康,食谱
-1.0596242955971042,网站,火车
-1.035012614824973,网站,计算
-1.0599683493946288,视频,翻译
-0.9634265264942149,视频,音乐
-0.9641443760471606,视频,电视频道
-1.049224297754143,网站,火车
-0.9748031772033816,视频,诗歌
-1.13766671531852,健康,聊天
-1.0380951258311646,视频,股票
-1.0382122718844244,视频,电台
-1.0529494383769018,比赛,抽奖
-1.0291231677008565,网站,股票
-1.13043601930246,视频,新闻
-1.0337948666718433,视频,公交
-0.9584214525733495,视频,聊天
-1.0755955112010254,视频,诗歌
-1.011848406228742,视频,聊天
-1.2107087008582826,视频,聊天
-1.0918378625636482,网站,app
-1.0325424039224465,视频,聊天
-1.1422307800076186,视频,聊天
-1.1094065787361118,视频,食谱
-1.0861002007400296,视频,食谱
-1.194682660182774,视频,翻译
-1.1836704884421416,视频,聊天
-1.1436477647131071,视频,聊天
-1.0684826459442536,视频,股票
-0.9690184847273482,视频,诗歌
-1.0381843062180311,网站,app
-1.0417031205037164,时间,聊天
-1.1309943734566767,视频,聊天
-1.1536050226353445,视频,飞机
-0.9618864457623205,视频,聊天
-1.063676318924824,网站,地图
-0.9904186846814053,视频,诗歌
-1.2616042301690817,视频,聊天
-1.0115974877171274,联络,电台
-1.0815654906230923,视频,聊天
-1.002273404247458,视频,聊天
-0.9979253092513105,视频,节目
-1.077118683373748,网站,计算
-1.0679772123838602,网站,地图
-1.1170967575170772,视频,聊天
-1.05510130855453,视频,股票
-1.0551560766228039,网站,聊天
-1.075619070926154,视频,抽奖
-1.0132961453079932,视频,计算
-1.0619519623502331,网站,天气
-0.9899644532246962,联络,短信
-1.03087335829042,视频,聊天
-1.1722037873112925,视频,聊天
-1.047099584067754,网站,火车
-1.1638678673271026,视频,食谱
-1.121683059027774,健康,食谱
-0.9492044913325961,视频,聊天
-1.1042291079041173,网站,聊天
-1.0446794650269424,网站,火车
-1.1617081013137007,视频,电视频道
-1.0611692396461865,健康,日程
-1.0874350828374606,健康,短信
-0.9590554678881913,视频,小说
-1.092392723152807,视频,抽奖
-1.1448957275807765,视频,聊天
-1.113028557874383,视频,地图
-1.0026104172088333,视频,聊天
-1.0238517377056924,视频,聊天
-0.9539152176263851,视频,诗歌
-1.1709446524017173,视频,新闻
-1.0248637946810155,视频,食谱
-1.0433851235741536,网站,飞机
-1.0035099886690022,视频,节目
-0.998974218781731,视频,聊天
-0.9778956761217312,视频,聊天
-1.0229140123816438,视频,谜语
-1.0617114915371935,网站,飞机
-1.1217714068034197,网站,聊天
-0.9556572537211803,视频,音乐
-0.9691485232177067,视频,节目
-1.231957428888815,视频,聊天
-1.054356462242172,网站,火车
-1.110199889467868,视频,聊天
-1.0725922757027067,网站,火车
-1.1602289314412653,视频,地图
-1.0864969185667221,视频,诗歌
-1.185167400744597,视频,诗歌
-0.9636802019300308,视频,聊天
-1.1363507780461444,视频,食谱
-0.9719791869605172,视频,聊天
-1.0518259380493449,视频,email
-1.1559205327196733,视频,食谱
-1.061465140977615,视频,聊天
-1.2418563466108379,视频,新闻
-1.2308060829145788,健康,聊天
-1.1809238450941377,视频,聊天
-1.3312842012409971,视频,食谱
-1.1169854790674483,视频,日程
-0.9912709856181475,视频,诗歌
-0.9551007206163218,视频,聊天
-1.0648337940347465,电话,短信
-1.0784825925376345,网站,聊天
-1.0255503905480627,联络,短信
-1.0677389403700004,视频,新闻
-1.2533369353679347,视频,聊天
-1.1806120847852264,视频,翻译
-1.0503867124796842,视频,翻译
-0.9730907252429566,视频,电影
-0.9491036840546387,视频,聊天
-1.054158585261132,时间,天气
-1.0696007549621864,视频,节目
-1.0399266527502702,视频,股票
-0.9903402588866737,视频,食谱
-0.9856638451439664,视频,诗歌
-1.0628417802411758,视频,聊天
-1.0495119933149941,视频,节目
-1.1308049493864503,视频,聊天
-0.9593941358091641,视频,聊天
-0.9660351806012623,视频,食谱
-1.2678861887426716,视频,聊天
-1.0984668790520362,健康,食谱
-1.0778120982698807,网站,飞机
-1.1488029257608852,视频,节目
-1.0438455066483534,视频,诗歌
-0.9729301792266026,视频,节目
-1.0784205055702047,视频,聊天
-1.0708114355268876,视频,聊天
-1.042521753324941,时间,天气
-0.9870667382306536,联络,聊天
-1.0594318853494178,网站,飞机
-0.9784100402610336,视频,节目
-0.9597934572510832,视频,电视频道
-1.1123715821372815,电话,聊天
-1.0109062554057011,视频,聊天
-0.959033873357375,视频,诗歌
-1.1236463927533311,视频,聊天
-1.0187747413195747,视频,节目
-1.1277301327115379,视频,翻译
-0.9984221294858229,网站,app
-0.9595661352925055,视频,电影
-1.2117122092720916,视频,聊天
-1.1578006541517347,视频,电视频道
-1.0322840689440407,视频,聊天
-0.9626445932838001,视频,电影
-1.0025480758596887,联络,日程
-1.0678570245526193,电话,短信
-0.9805447824905216,视频,翻译
-1.0822083434522776,视频,聊天
-0.9776026078912297,视频,食谱
-1.046846311481191,网站,火车
-0.9816069952937259,视频,节目
-1.0065434142229033,视频,食谱
-0.9604966768000832,视频,音乐
-1.0453739285558064,视频,音乐
-1.1982228591506698,视频,app
-1.039639582846498,视频,聊天
-1.1559630819305318,健康,食谱
-0.9707139766085822,视频,音乐
-0.9872773424990398,视频,聊天
-1.2403232849735475,视频,食谱
-1.0229158272818712,视频,诗歌
-1.2709308336465694,视频,节目
-1.2148682215618767,视频,聊天
-1.0641228972287382,网站,地图
-1.0613394630954884,视频,节目
-1.0536798768903528,时间,天气
-1.2835038249407498,视频,食谱
-1.0452660398018965,网站,app
-1.0150071568649062,视频,聊天
-0.9745613656114568,电话,app
-1.1289374215482393,视频,股票
-1.0432456074785423,网站,公交
-1.05609445963252,网站,公交
-1.0793005747692488,视频,聊天
-1.1901540067230176,视频,翻译
-1.0329408322451339,网站,股票
-1.051488264120388,网站,公交
-1.0228697389885488,健康,食谱
-1.0587721142637563,网站,飞机
-1.0529931220789357,网站,火车
-0.9782590067422466,视频,电影
-0.9797146845217943,视频,聊天
-1.0314246224634318,视频,诗歌
-1.1161997510405253,视频,公交
-1.0528697974812853,电话,短信
-0.9694958161665367,视频,食谱
-1.0695467838358934,健康,聊天
-1.0544878514292422,视频,食谱
-1.0806712713603481,电话,短信
-0.9558162735324698,视频,聊天
-1.0924244314505018,网站,天气
-1.0656566562466552,网站,火车
-1.0593371898637787,视频,新闻
-1.0330689113215534,视频,翻译
-1.1544257677552225,视频,食谱
-1.0500474508068882,网站,飞机
-1.0824906888833077,网站,聊天
-1.0568308636884693,网站,飞机
-1.0454453381709992,时间,天气
-1.3166233535595309,视频,食谱
-0.9679806138652298,视频,音乐
-1.2018654928965913,视频,翻译
-0.9548463113982442,视频,聊天
-1.0231688549434235,视频,食谱
-1.0110217245814255,视频,新闻
-1.0045610755786565,比赛,抽奖
-1.1220452081056904,视频,翻译
-0.9891201193353494,联络,短信
-1.118971455554535,视频,股票
-1.0824891950692221,健康,食谱
-1.071313447883162,视频,诗歌
-1.0737040203983361,网站,聊天
-0.9930815356885544,视频,节目
-1.1265362014518596,健康,聊天
-0.9899644532246962,联络,短信
-1.0237027577168305,视频,email
-1.0674989698358435,网站,飞机
-1.0818997027234658,视频,聊天
-0.9795811783350203,视频,新闻
-0.9691204217165776,视频,新闻
-1.0417212978766512,比赛,抽奖
-1.030704226257262,视频,翻译
-1.052292810341879,联络,聊天
-1.2138532117991327,视频,食谱
-1.0098327942992147,视频,电视频道
-1.061322257020545,网站,飞机
-1.0824762038391071,视频,食谱
-1.086919209443724,网站,地图
-1.1235827646479093,视频,股票
-1.2444990551474047,视频,app
-1.0945690372056371,视频,聊天
-1.0533855718400698,健康,食谱
-1.0603150982147185,视频,新闻
-1.0633696275190936,时间,天气
-0.9943666466622074,视频,节目
-1.0801336901630532,网站,app
-1.1021982829183448,视频,聊天
-1.0354304982476585,视频,新闻
-0.9677786985122783,视频,小说
-1.0515759493685362,时间,天气
-1.101296289555248,视频,日程
-1.1132140514791606,电话,短信
-1.155550363665055,视频,食谱
-1.1406739903517147,视频,聊天
-1.0697214641457755,视频,聊天
-1.0059122478850835,视频,音乐
-1.104724019532782,电话,短信
-1.180724377165539,视频,食谱
-0.997446650928218,视频,电视频道
-1.0567384246650873,网站,飞机
-1.0224179346579987,电话,短信
-0.9791843336051238,视频,谜语
-1.1981515552206652,视频,新闻
-0.9618023916257421,视频,节目
-1.063067263353657,网站,火车
-1.1736639320058768,视频,食谱
-1.0610412384327257,网站,飞机
-1.063818454212838,视频,节目
-1.2022357150992806,视频,聊天
-0.9931889252280233,视频,电视频道
-0.9856477633989528,视频,电视频道
-1.0252810938265104,视频,食谱
-0.9797743700067196,视频,节目
-1.0751583094001251,电话,email
-1.218701080067311,视频,app
-1.2326281279731306,视频,聊天
-1.060175397083076,视频,翻译
-0.9775441737594258,视频,节目
-0.9610473274703291,视频,小说
-1.097509217629161,网站,食谱
-1.0425786676954023,时间,天气
-1.1015835166577699,视频,抽奖
-1.0103190798670691,视频,股票
-0.9747754725845204,视频,小说
-1.0687997241039173,电话,email
-1.0476456901137352,网站,股票
-1.0361433865032432,视频,新闻
-1.0687687147573663,视频,火车
-1.2554415829950967,视频,聊天
-0.9785020120910431,视频,电视频道
-0.9956339875044385,视频,聊天
-1.1885087080122543,视频,聊天
-1.1733580801229726,视频,食谱
-1.0624314341403966,视频,食谱
-0.961204605787296,视频,音乐
-1.154249126896456,视频,email
-1.1580256466510463,视频,食谱
-1.056246939888125,时间,天气
-1.047609734322555,网站,火车
-0.9417125665841335,视频,聊天
-1.1083407485744121,视频,app
-1.1759176549136239,视频,新闻
-0.9495849244747347,视频,谜语
-0.9946284394378896,视频,谜语
-1.0834254030294992,网站,地图
-1.0908724140342534,视频,聊天
-1.0585573892496438,网站,飞机
-0.9688050618226078,视频,小说
-1.0408319409038735,视频,股票
-0.9558804112012214,视频,聊天
-1.1011500658165145,网站,地图
-1.0952821613938455,视频,食谱
-0.9808610353641907,视频,音乐
-1.2329777334168457,视频,食谱
-1.0025943085612394,视频,新闻
-1.1862677642598487,视频,节目
-0.9798815772416564,视频,新闻
-1.0601255663429303,网站,火车
-1.0795701940639402,视频,聊天
-1.0759260648215285,视频,聊天
-1.007606354156132,视频,抽奖
-0.9785623221853527,视频,节目
-1.0124663673565553,视频,新闻
-1.2407880016588808,视频,聊天
-1.1539187654332004,视频,抽奖
-1.1737190990078936,视频,电台
-1.0949690369944785,视频,诗歌
-1.0086038814513747,视频,诗歌
-1.0649306484761754,时间,天气
-0.9635977184030523,视频,音乐
-1.1135453715072223,网站,app
-1.1055285506393027,健康,聊天
-1.044250938063298,电话,短信
-0.9660506113419954,视频,聊天
-1.0028769910962552,视频,音乐
-1.2646462046009233,视频,食谱
-1.1641537761156397,视频,食谱
-1.1252822223597991,视频,翻译
-0.9927878744808163,视频,音乐
-1.045844123695003,网站,股票
-0.9592835420836934,视频,音乐
-1.0610494833235962,视频,食谱
-0.987394216852073,联络,计算
-0.9642993773295567,视频,音乐
-1.0694994409607126,网站,飞机
-1.027846554901685,视频,聊天
-0.9868342911969101,视频,节目
-1.158558666584225,视频,聊天
-1.0485608649567408,视频,诗歌
-1.2731939560360663,视频,电视频道
-1.1230011517691367,视频,电视频道
-1.1791862130468336,视频,节目
-0.9637676287808905,视频,电影
-1.0374766203489554,视频,公交
-1.0721975337765886,视频,诗歌
-1.108775791265114,视频,翻译
-0.9648619475589575,视频,聊天
-1.1744980462439931,视频,聊天
-0.9763409408434699,网站,app
-1.0989862934402101,视频,日程
-1.1682689041552892,视频,食谱
-1.023138538909381,视频,聊天
-1.0747555693626145,视频,翻译
-1.1665841712274871,视频,聊天
-1.0472042911308308,视频,节目
-0.9708543012464886,视频,诗歌
-1.0724825465866292,视频,公交
-1.0010328202391758,视频,节目
-1.0013842535476853,视频,节目
-0.9949977496512433,视频,食谱
-0.9806626135252495,视频,聊天
-1.20760906208686,视频,聊天
-1.2253207413369553,视频,食谱
-1.1863568352877523,视频,抽奖
-1.0673386311898978,网站,火车
-0.9836792659321588,视频,谜语
-1.0454114228162297,网站,食谱
-1.0985253321431876,视频,聊天
-1.1203768243106345,视频,聊天
-1.0098631288830073,联络,抽奖
-1.0175941223871878,网站,地图
-1.1414812689353195,视频,地图
-1.0210417097286926,健康,聊天
-0.9869935386569585,视频,新闻
-1.0470622125168192,视频,聊天
-1.0977613339100958,网站,天气
-1.0409454895095434,视频,食谱
-0.9638434089685466,视频,电视频道
-1.0639347011153224,网站,地图
-1.06573417660405,网站,股票
-1.1478985243979745,视频,聊天
-1.038632004962333,电话,短信
-1.2141508930905147,视频,聊天
-1.1613605555060411,视频,聊天
-1.102918904544199,视频,食谱
-1.063667394646042,视频,抽奖
-1.1900292936233678,视频,谜语
-1.1794846395240934,视频,电台
-1.0410907732752759,网站,股票
-1.0651326029032577,视频,股票
-1.0479001485583659,时间,天气
-1.0511339303525864,网站,地图
-1.0755870726472878,视频,食谱
-1.0520319617651013,网站,地图
-1.1349550306669365,视频,股票
-1.0634291712195378,网站,火车
-1.018431902802965,视频,app
-1.0482657510986944,时间,天气
-1.1470303181573613,视频,聊天
-1.1649761605535844,视频,电台
-1.115484206628238,视频,翻译
-1.1992277030199037,视频,股票
-1.0355393009980682,视频,聊天
-0.9616772401474123,视频,节目
-0.9992262977922677,联络,短信
-0.9914766593267734,联络,短信
-1.0476124964065026,视频,翻译
-1.0587048459101749,网站,飞机
-1.1622515731904555,视频,聊天
-1.1085151601584342,视频,聊天
-1.0576978219768485,网站,股票
-1.2343916751245245,视频,食谱
-1.0784868276836834,网站,火车
-0.9936314802667947,视频,新闻
-1.2401563784282268,视频,聊天
-0.9933487914757195,联络,计算
-0.9645435713818789,视频,电视频道
-1.1468746597345898,视频,食谱
-1.2119015852633148,视频,聊天
-0.9668339043242771,视频,电视频道
-1.088662349379819,视频,聊天
-1.120135971570077,网站,食谱
-0.9643870588426312,视频,小说
-0.9903991286211593,视频,节目
-1.1430305331429276,健康,食谱
-1.0482838274656145,时间,天气
-1.0554184349824902,时间,聊天
-0.9914766593267734,联络,短信
-0.9737286821008976,视频,聊天
-1.039692045340149,健康,聊天
-1.0379029802957107,视频,食谱
-1.0256101818636587,视频,计算
-1.1234643923645893,视频,聊天
-1.3007872613889555,视频,食谱
-1.1644677735469242,视频,app
-1.0210597441274845,视频,食谱
-1.0555275534611765,网站,飞机
-1.0593128494150108,视频,谜语
-1.0960376113838028,视频,聊天
-1.1714124405911865,视频,诗歌
-1.0062927621951412,视频,食谱
-1.0362711314144788,网站,地图
-1.2513166808930687,视频,食谱
-1.0467438107322973,视频,日程
-1.0930285315962522,健康,聊天
-1.0761675683297234,视频,聊天
-1.076619717165698,电话,短信
-1.0673619697184678,视频,诗歌
-1.0599912260836735,视频,飞机
-1.0909230500094427,视频,食谱
-1.2167666869399993,视频,app
-1.0390484233898696,健康,聊天
-0.9853951950410936,视频,电视频道
-1.0061636662566809,视频,聊天
-1.128468775175061,视频,聊天
-1.0429227320929821,时间,天气
-1.0480775075334612,网站,公交
-1.2464104026889493,视频,电台
-1.1401025219581524,视频,食谱
-1.1647655969310888,视频,app
-1.161021674762236,视频,诗歌
-0.9820774475323703,网站,app
-0.9746352072680695,视频,电影
-0.9673447822581013,视频,节目
-0.9752484892776188,视频,食谱
-1.0199485636441803,视频,食谱
-0.9816909132504966,视频,节目
-1.174803010300897,视频,聊天
-1.1237801642646938,视频,食谱
-1.1649782100495103,视频,诗歌
-0.9726305112544426,网站,火车
-1.0375728827159048,视频,火车
-1.0699556521793465,视频,节目
-0.9800738412894322,视频,新闻
-0.9940910207501037,视频,聊天
-1.0599802319509366,视频,电台
-1.0335479719100884,视频,聊天
-1.1443664171623602,视频,聊天
-1.0627005292779221,视频,节目
-1.0069481613000297,视频,聊天
-1.0947584829350225,视频,食谱
-1.0614422655669118,视频,聊天
-0.9626951955532188,视频,电影
-1.1692497483791748,视频,火车
-1.0581516700405722,视频,诗歌
-1.0769665306463894,健康,聊天
-0.990862395459453,视频,app
-1.0633688295067423,视频,股票
-1.062045396190559,视频,翻译
-1.0474830117652392,视频,聊天
-1.1521194458118669,视频,食谱
-1.0271202057999835,视频,节目
-1.1512245696133412,视频,app
-1.0578630798233553,网站,飞机
-1.1770109467574317,视频,聊天
-1.0500689131721839,电话,短信
-1.1136366909399906,视频,食谱
-1.0836753328021094,视频,聊天
-0.9818823267717243,视频,节目
-1.0161555245913985,视频,app
-1.0843618234382157,视频,聊天
-1.1371607647900448,视频,地图
-1.049700458545364,网站,股票
-1.1571188204651517,视频,聊天
-1.0812483332070086,网站,地图
-1.023017903276292,联络,email
-0.9552121234255541,视频,聊天
-1.1048826910231921,视频,email
-1.0629893209192436,视频,聊天
-1.1776051305688504,视频,聊天
-1.0674105027276501,网站,火车
-1.0528392580518708,时间,天气
-1.0443206668432383,视频,聊天
-1.0598312061708424,视频,聊天
-1.0988498833459803,视频,食谱
-1.1563993144850486,网站,公交
-1.240748909086618,健康,食谱
-1.0640841506186245,网站,地图
-1.0299697925483335,视频,聊天
-0.9985248847637462,视频,诗歌
-1.1915261825119192,视频,电视频道
-1.208329992050982,视频,节目
-1.0439855794977304,电话,短信
-0.9728971983974193,视频,音乐
-0.9998684165704305,视频,新闻
-1.0802747424862935,网站,股票
-1.0670945237785288,网站,飞机
-1.132833512266503,视频,聊天
-1.133167070135504,视频,食谱
-1.0836259964637294,网站,公交
-1.1503198723918688,视频,食谱
-1.0073721770636355,视频,聊天
-1.218265070270337,视频,聊天
-1.1027920442271302,视频,email
-1.0426202709541497,网站,公交
-0.9914766593267734,联络,短信
-0.9894307836879982,联络,短信
-1.1446970521172526,视频,食谱
-1.058269267459194,时间,聊天
-1.2058181845327067,视频,翻译
-1.0861838016929677,视频,食谱
-1.1442261749810125,视频,股票
-1.1544739087036722,视频,食谱
-1.109144632193848,视频,聊天
-1.0203365164716822,视频,电视频道
-0.9586278713669912,视频,翻译
-1.0456268893296319,网站,火车
-1.1388301525556748,网站,公交
-1.009517443266153,视频,聊天
-1.2303224418979062,视频,聊天
-0.9897635112748062,视频,诗歌
-1.0042235545994074,视频,电视频道
-1.0963451208324906,健康,谜语
-0.9584435303005412,视频,电影
-1.1336551586641916,视频,翻译
-1.091809145922564,视频,飞机
-1.0655089618671947,视频,日程
-1.0547050276304222,视频,诗歌
-1.063050430815819,视频,电台
-1.117282693710616,视频,日程
-1.0544110789746666,网站,火车
-1.054606336226442,网站,地图
-1.0201995757369304,视频,诗歌
-1.0029693731150975,视频,节目
-1.0393327488750193,视频,聊天
-1.0655002860891334,网站,火车
-1.125146577072981,视频,翻译
-1.100843244099874,健康,食谱
-0.9886238704309344,视频,节目
-1.1317946829881125,视频,新闻
-1.0624681362005197,时间,天气
-1.1352501639014358,视频,聊天
-1.0931832228888096,网站,email
-1.0577086461213911,视频,股票
-1.135096867672283,视频,电视频道
-1.126639903826959,网站,食谱
-1.1481899065321328,视频,新闻
-1.111306211945925,视频,电视频道
-1.2265271271775657,视频,聊天
-1.2028886231132572,视频,食谱
-1.1840869213463328,视频,日程
-0.9914766593267734,联络,短信
-0.9914766593267734,联络,短信
-1.0500531389643388,时间,天气
-1.0687243607773875,视频,聊天
-1.0678926310927979,视频,诗歌
-1.0971841347498317,视频,诗歌
-1.167771167235101,视频,聊天
-1.2892513191312165,视频,聊天
-1.0475471469018367,视频,翻译
-1.041251581640938,视频,诗歌
-1.0442473660182041,网站,股票
-1.052371940117774,网站,火车
-1.1607507850364969,视频,抽奖
-1.191108945933437,健康,聊天
-0.9874595718906976,联络,翻译
-1.142437315664387,视频,地图
-1.1778047224998967,视频,app
-0.9653483512780244,视频,电影
-1.0540691060950953,视频,聊天
-1.1096300171932987,视频,聊天
-1.0867537224155381,视频,天气
-1.0430281925031573,网站,火车
-1.2628599277343437,视频,聊天
-0.9967074409750409,视频,聊天
-1.0523907612713406,网站,飞机
-1.2154345203088686,视频,电视频道
-1.2529204622416903,视频,食谱
-1.1634316599450985,视频,聊天
-0.9641753002431198,视频,聊天
-1.2103438618522624,视频,食谱
-1.0963428106746638,视频,新闻
-1.0478055996049573,时间,天气
-1.0624034010895396,网站,飞机
-0.982284806862532,视频,聊天
-1.0318240473901017,视频,地图
-1.0086387927842928,网站,诗歌
-1.053954305143714,网站,火车
-1.2719932595715893,视频,聊天
-1.0485817231751873,比赛,app
-1.1123950277265162,健康,食谱
-0.999459740088921,视频,聊天
-1.108695589553553,视频,节目
-1.0518345814159424,时间,天气
-1.0727126946903878,视频,聊天
-1.2371424257233248,视频,食谱
-1.103493063190626,时间,天气
-1.044215285521911,时间,天气
-1.0941002353396965,视频,飞机
-1.0808887405817298,网站,公交
-1.0488523357135524,网站,地图
-1.1091128016078735,视频,天气
-1.1352330480115371,网站,app
-0.9758070609511942,视频,音乐
-1.0471174383062758,视频,股票
-1.2333321988962418,视频,聊天
-1.0755047081891485,视频,聊天
-1.053176501382978,网站,食谱
-1.0049437444213416,视频,食谱
-1.1248529176822095,视频,新闻
-1.09796353058145,视频,节目
-1.0118680269898632,视频,聊天
-1.0138267895300703,网站,app
-0.9906755949240853,视频,电视频道
-1.1919330407681212,视频,食谱
-1.2248459786651786,视频,食谱
-1.1838439188372472,健康,日程
-1.19583035050416,视频,食谱
-1.0714649550645126,网站,email
-1.1707944614738692,健康,食谱
-1.1738450782141547,健康,食谱
-1.2257898083716032,视频,诗歌
-1.0444354849376773,视频,音乐
-0.9741702987970553,视频,节目
-1.1744412786225848,视频,电台
-1.1462640086136946,视频,聊天
-1.0464810794248924,电话,短信
-0.9718235458796455,视频,节目
-0.9931758789434264,视频,聊天
-0.9908161207333748,网站,app
-1.0003814650099758,视频,食谱
-1.051717315365017,时间,天气
-1.1969320716770508,健康,天气
-1.0558474520882448,网站,火车
-1.1888417907163649,视频,app
-0.9597922238424713,视频,电影
-1.0036004303131025,视频,电视频道
-1.056085122335021,电话,短信
-1.183549372554927,视频,股票
-1.2876485096162609,视频,食谱
-1.1244031367857956,视频,聊天
-1.121437374072095,健康,聊天
-1.024600221041308,视频,聊天
-0.9569519172752088,视频,小说
-1.0183175518882615,视频,诗歌
-1.0598095097102807,视频,谜语
-0.971919544472596,视频,聊天
-1.0727884882440701,视频,聊天
-1.1896978027825444,视频,聊天
-1.129639787117406,视频,app
-1.132213278542789,视频,email
-0.9892312688230657,视频,聊天
-0.9938315816575951,视频,电视频道
-1.1675046583612105,视频,抽奖
-1.1469198631178608,视频,聊天
-1.0668789566812171,视频,食谱
-0.9998872336922489,健康,食谱
-0.9773572181075594,视频,app
-1.0446599982294453,电话,短信
-0.996799309223816,视频,聊天
-0.9896275935817627,视频,节目
-1.1772236089400436,视频,食谱
-1.07056404511392,视频,诗歌
-1.102189302596114,视频,食谱
-0.9933938346907271,视频,节目
-1.0187655986506514,视频,音乐
-1.041672582748091,视频,聊天
-0.9613571240955819,视频,小说
-1.046503484346029,网站,火车
-1.1265856645907144,视频,节目
-0.9733165826121869,视频,聊天
-0.9915917041342615,视频,新闻
-1.0588139000295687,网站,飞机
-1.0582260113230642,网站,聊天
-0.9545329215878441,视频,音乐
-1.068469777880936,网站,飞机
-0.9616901879514614,视频,小说
-1.0522373637615938,视频,聊天
-1.2066902236724026,视频,短信
-1.0730560916111849,视频,聊天
-1.1398108665809883,视频,股票
-1.0519814048569929,健康,聊天
-0.9730914395508176,视频,诗歌
-0.9984700317670357,视频,诗歌
-1.1461588010689894,视频,翻译
-1.0769449362691739,视频,新闻
-1.047811633360983,时间,天气
-1.2164547084841408,视频,食谱
-1.0471010452943708,视频,翻译
-1.0057352285601868,视频,小说
-1.1140158484039016,视频,食谱
-1.1738274390726855,视频,新闻
-1.2086428591955647,视频,聊天
-1.151291731249386,视频,聊天
-1.023440300344119,视频,聊天
-1.0425060812527733,时间,火车
-1.0539798336513078,视频,聊天
-1.0357191751073356,视频,聊天
-1.0522938646148954,时间,天气
-1.0765097721441659,视频,食谱
-1.0830921821562924,视频,地图
-1.2387080357088474,视频,食谱
-1.2731922274906429,视频,食谱
-1.056424872891125,视频,计算
-1.0641961220209166,网站,地图
-1.0397687911039415,视频,聊天
-1.0172160548838711,视频,聊天
-1.0646519303222894,网站,飞机
-1.0536377945814537,网站,股票
-1.067893346088577,时间,日程
-0.9761734958054802,视频,诗歌
-0.9657721512636911,电话,app
-1.0573828635700373,时间,聊天
-1.068026395001198,网站,飞机
-1.1219797569875558,视频,食谱
-1.1502729021811855,视频,聊天
-1.032111435795296,视频,食谱
-1.0606120544163815,健康,食谱
-1.0548082899677547,网站,公交
-1.04794774220297,时间,火车
-1.1747844043052775,视频,食谱
-1.0654036347056108,电话,短信
-1.1464973359986586,视频,聊天
-1.1693936654048465,视频,股票
-0.9798428663526633,视频,小说
-1.1816982683028745,视频,电台
-1.0521788171886932,网站,计算
-1.0336247382724921,视频,诗歌
-1.134707277162704,视频,聊天
-1.0701394864934444,视频,聊天
-1.1632501896393186,视频,食谱
-1.1798468085596314,视频,食谱
-1.042549678411777,视频,聊天
-1.065484643477878,网站,计算
-0.9536125509804284,视频,音乐
-0.9914766593267734,联络,短信
-1.0348100514721177,视频,聊天
-1.0428943574997411,时间,天气
-1.0565405435665594,网站,火车
-1.1050957862199002,健康,食谱
-1.074926872116953,网站,地图
-1.1370886451681292,视频,电视频道
-0.9611688805342092,视频,电视频道
-1.0068347386496614,视频,电视频道
-1.003588982841445,视频,聊天
-1.174582343470035,健康,聊天
-1.1522803541240054,视频,聊天
-1.0853809409800284,网站,股票
-1.0336208192486986,视频,聊天
-1.0027211688863744,视频,聊天
-1.078420819289008,视频,股票
-0.9693200555844669,视频,app
-1.1149681736250998,视频,电视频道
-1.0364462726027122,时间,天气
-1.0572798084877877,视频,火车
-1.0626705079986574,网站,公交
-1.0417178101226106,视频,股票
-0.9810218365694043,视频,电视频道
-1.1044149645290078,电话,短信
-1.1744401408992615,视频,电台
-1.0294280645427762,视频,聊天
-1.2734881388638588,视频,聊天
-0.9720022088565837,网站,app
-1.1192430495212087,健康,食谱
-1.1222753928195737,视频,诗歌
-0.963435803783662,视频,节目
-0.9745158809740723,视频,音乐
-1.219630332253696,视频,翻译
-1.134118817870698,健康,聊天
-1.09049239535659,视频,新闻
-1.1330225436498802,视频,食谱
-1.0127166259827018,视频,股票
-0.9931985533214593,视频,聊天
-1.158985445076656,视频,电视频道
-1.0378637998745417,视频,日程
-1.0730847166758384,网站,短信
-1.031755723643365,比赛,抽奖
-1.001123190514622,视频,聊天
-1.0439121195493233,时间,天气
-0.9667514452856558,视频,聊天
-1.0614831036382293,视频,飞机
-1.0931916891051157,视频,食谱
-1.0405038583891424,网站,电视频道
-0.9932982704069291,视频,节目
-1.0244786990735393,视频,电视频道
-1.171024469791949,视频,聊天
-0.9687734155817822,视频,诗歌
-1.090406627678581,视频,聊天
-1.0521050246096268,网站,股票
-1.1533732819676321,视频,电视频道
-1.1385366456902362,视频,电台
-0.9732018757166531,视频,聊天
-1.0570281763271088,网站,公交
-0.954630312903876,视频,音乐
-1.0694422662659404,网站,火车
-1.1466825169020791,视频,飞机
-1.0408146338715676,时间,天气
-1.0464438936752678,视频,食谱
-1.0415118172520779,视频,地图
-1.0840176376435255,视频,诗歌
-0.9606265113943744,视频,诗歌
-1.0338540466772244,视频,节目
-1.1745772870182676,视频,节目
-0.9847678548993493,视频,新闻
-0.9941497040671544,视频,聊天
-1.1653897611937394,健康,食谱
-1.0568813182740133,视频,股票
-1.0074213189311518,视频,翻译
-1.1801193479984522,视频,翻译
-1.2433608008992314,视频,聊天
-1.0650093804543528,网站,地图
-0.9652078150849682,视频,聊天
-1.2204916758671187,视频,食谱
-0.9664273515274662,视频,电影
-1.0466395747793649,电话,短信
-0.9872993138577796,视频,新闻
-1.0734227924024284,视频,电视频道
-0.9713425071757426,视频,聊天
-1.0808428841898583,视频,电视频道
-1.1793292226033776,视频,电台
-1.0729828632200835,视频,谜语
-1.1929116799455801,视频,翻译
-1.0500453774973662,网站,股票
-1.1723616780497683,视频,聊天
-1.105046152329027,网站,地图
-1.2147477568423688,视频,翻译
-1.0745828846277885,视频,诗歌
-1.0000034924503276,视频,谜语
-1.06520318121801,网站,飞机
-1.0795791912157362,视频,食谱
-1.0063169250286887,视频,食谱
-1.0492697003589828,网站,股票
-1.1145855886951395,视频,节目
-0.9824941107565521,视频,节目
-1.0558101796187132,视频,计算
-0.9702033906161234,视频,音乐
-0.9624755411097956,视频,音乐
-1.0405650306451455,视频,节目
-1.1711751429367716,视频,食谱
-1.2532857511339923,视频,聊天
-1.159674053786295,视频,电视频道
-1.1203187690261274,视频,聊天
-0.9906480254137111,比赛,节目
-1.004381989846217,视频,诗歌
-1.02972665604936,视频,食谱
-1.0201260581176164,视频,计算
-1.0600795081955419,网站,火车
-0.9429404887326305,视频,聊天
-1.0901524432044352,视频,地图
-1.0700686614531778,视频,聊天
-0.965769538989582,视频,聊天
-1.0888386726605452,视频,聊天
-0.9669958805417254,视频,节目
-1.0456819323059456,网站,火车
-0.9423976905147671,视频,聊天
-1.1958488731363857,视频,聊天
-1.075475603669586,视频,聊天
-1.2106954008744357,视频,食谱
-1.011252447029167,视频,新闻
-1.1457048435894657,视频,翻译
-1.1580784396784851,健康,聊天
-1.0507824709990812,视频,聊天
-1.0982866915322158,视频,聊天
-1.0762679550705037,视频,计算
-1.0562496064005233,网站,飞机
-1.0439184559390693,视频,地图
-1.1264242581345072,视频,聊天
-1.0233721146901273,视频,聊天
-1.1413424718481715,视频,地图
-1.0603701495898308,网站,地图
-1.0499859020594757,视频,食谱
-0.9948646362095497,网站,app
-1.0947056609911225,网站,电视频道
-1.0256359679392841,视频,新闻
-0.9884098795971704,视频,节目
-1.161738891486706,视频,食谱
-1.071375013666799,视频,聊天
-1.1619012081376916,视频,诗歌
-0.9899644532246962,联络,短信
-1.0474427561409472,网站,地图
-1.085306492479034,视频,节目
-1.0174866127341455,视频,谜语
-0.9813989349954595,视频,节目
-0.9574348876239593,视频,食谱
-1.1076062180166115,视频,食谱
-1.080305352302116,网站,飞机
-0.9841052310640442,视频,谜语
-1.0518940387414264,视频,诗歌
-1.0609532388399825,网站,飞机
-1.0826840099374828,视频,抽奖
-1.2287201288050995,视频,聊天
-1.2419817119958267,视频,聊天
-1.1949466541443647,视频,聊天
-1.0953441783751299,网站,聊天
-1.1291747800192353,健康,谜语
-0.9916399067290724,视频,新闻
-0.9912588955521224,网站,app
-0.953285648209253,视频,app
-0.9467759665337354,视频,聊天
-1.1502514509637551,健康,聊天
-1.0577135401716464,网站,飞机
-1.1230762517903536,视频,聊天
-1.0477536560231306,视频,聊天
-0.9922308110374874,视频,食谱
-1.1067099600504986,视频,地图
-1.0936034788482096,视频,地图
-1.1153585226921963,视频,音乐
-1.0865668389198482,网站,食谱
-1.215297106053984,视频,食谱
-1.054898777634374,时间,天气
-1.110034814608913,视频,新闻
-1.0563531017319452,网站,地图
-1.1350439057705317,视频,翻译
-1.0572130357549616,网站,股票
-0.9668187571947634,视频,音乐
-1.3043554715011358,视频,聊天
-1.0266884800955938,视频,天气
-1.1384502284688827,视频,翻译
-1.0683812373053443,健康,聊天
-0.9838305228572628,健康,谜语
-1.0666403460474883,视频,地图
-1.0386838407648746,视频,节目
-1.068657659372514,视频,食谱
-1.0334171431248067,视频,计算
-1.1027522460755363,网站,食谱
-0.9686158143796908,视频,聊天
-1.2307240834885698,视频,食谱
-1.1849525128657004,视频,食谱
-1.128648874099008,视频,食谱
-1.1308054763736948,视频,节目
-0.9546193206470738,视频,诗歌
-1.1896420065490527,视频,食谱
-1.1925895025139823,视频,聊天
-1.0516794698549747,联络,短信
-1.1052692726392261,网站,食谱
-1.0360154312968253,网站,火车
-1.1172487792826329,视频,食谱
-1.088654349562035,视频,天气
-0.9651356253737795,视频,小说
-1.0477989947976627,网站,飞机
-1.0567720177279813,网站,飞机
-1.04409303814542,时间,天气
-1.2290419907564696,视频,聊天
-1.0548669565968916,时间,天气
-1.010074409102107,联络,短信
-1.0897903617493836,视频,聊天
-1.2157345120958634,视频,节目
-1.1167994379148407,视频,股票
-1.0035466960716746,视频,节目
-0.9987741199599303,视频,节目
-1.032484443251597,联络,食谱
-1.1254372070359313,视频,诗歌
-1.097406474141791,视频,app
-1.0975615363175355,电话,短信
-1.187823201635527,视频,聊天
-1.084363176390942,网站,公交
-0.9677978897200659,视频,节目
-0.9872797696446469,视频,诗歌
-0.9892645513830338,电话,短信
-0.9875467536650092,视频,食谱
-1.0464607704246718,视频,聊天
-0.989114110828508,视频,诗歌
-1.0348593268042685,网站,计算
-1.0549569005915456,网站,地图
-1.042565183818398,网站,地图
-1.1770109467574317,视频,聊天
-0.9559619655101544,视频,聊天
-1.0198957652539984,视频,谜语
-1.0617570117362944,网站,股票
-0.9591018791106134,视频,诗歌
-1.0537886786291757,网站,股票
-0.9943964602947508,视频,食谱
-0.9703659950931011,视频,电影
-0.9723468785691487,视频,聊天
-1.052292810341879,联络,聊天
-1.0216536602352924,视频,食谱
-1.293748417359391,视频,食谱
-1.0615699278495299,网站,飞机
-1.1977920575369077,视频,聊天
-0.9644856763485965,视频,小说
-1.0968115539708887,视频,电视频道
-1.1627683719287112,视频,聊天
-0.9629180158583598,视频,诗歌
-0.9684249185777227,视频,节目
-1.0636381908581005,网站,火车
-1.0395079612864377,网站,火车
-1.1278159545393178,健康,食谱
-0.9882469191796387,视频,食谱
-1.2987344133326089,视频,食谱
-1.1391836669300976,视频,日程
-1.0518298218784181,比赛,计算
-1.0606875671170048,网站,火车
-1.1057077629977994,视频,聊天
-0.9772678862068812,网站,电台
-1.1642763517629937,视频,食谱
-1.2382742392872532,视频,聊天
-0.9577794812923166,视频,音乐
-0.9539522468569637,视频,音乐
-1.0344891483655014,电话,短信
-1.3349318513308948,视频,聊天
-0.965791289216182,视频,食谱
-1.0709678144606496,视频,食谱
-1.0685859247834841,网站,短信
-1.0614459126366689,视频,食谱
-1.1210470304782194,视频,食谱
-1.0777412672557802,网站,聊天
-1.069015494014737,时间,天气
-0.9718087770718625,视频,音乐
-1.029397070452108,视频,诗歌
-0.9856033066175799,视频,电视频道
-1.0945905469440302,视频,聊天
-0.9737947521357103,视频,诗歌
-1.1414612528610197,视频,食谱
-0.9778310519767996,视频,聊天
-1.0758833746379968,视频,聊天
-0.9771423871209661,视频,聊天
-1.0636416854102968,视频,节目
-0.9651419431448153,视频,电影
-1.0527273062800178,网站,节目
-1.0365493230793295,电话,短信
-0.9544550161726579,视频,音乐
-1.042833705110313,网站,火车
-0.966107006283082,视频,节目
-1.0694257893071246,视频,食谱
-1.0312138138177294,视频,小说
-0.9589240092740156,视频,音乐
-1.06151708462551,网站,飞机
-1.2424649906951575,视频,食谱
-0.9926701912953991,联络,短信
-1.0399702416705479,视频,日程
-1.1153263470666803,健康,谜语
-1.01495099011351,视频,电视频道
-1.0716787471393059,视频,电台
-0.9492535842486556,视频,聊天
-1.0370907289325668,网站,股票
-1.0443191532809373,视频,食谱
-1.030659672836688,视频,诗歌
-1.0501402827517374,网站,火车
-0.972053324414025,视频,诗歌
-1.022392348361849,视频,节目
-1.337168707004322,视频,谜语
-1.2005842069283814,视频,聊天
-1.0334776663614482,视频,食谱
-1.0795866449678855,视频,聊天
-1.0550861426831637,视频,翻译
-1.0372945547954453,视频,食谱
-1.058002840360806,视频,聊天
-1.1334154991116463,视频,聊天
-1.0574843921446218,网站,飞机
-1.2458171748766353,视频,节目
-1.1201099374770347,视频,抽奖
-1.1981039544777727,视频,抽奖
-0.9787357678950175,视频,聊天
-1.032015893826729,视频,翻译
-1.0630639129395933,视频,诗歌
-0.9925434815312599,视频,聊天
-0.9914766593267734,联络,短信
-1.1781367504550773,视频,聊天
-0.9671830737732756,视频,小说
-0.9843902695807639,视频,食谱
-1.135775299807102,视频,日程
-1.202507822637806,视频,聊天
-1.1881500605344475,视频,聊天
-1.121524225983738,视频,新闻
-0.9830095141834297,视频,聊天
-1.1671687121304612,视频,食谱
-0.9767545581501539,视频,音乐
-0.9734279978648012,视频,音乐
-1.2907611404812116,视频,食谱
-1.073523793190797,视频,诗歌
-1.0887098926124974,时间,天气
-0.958286769983124,视频,小说
-1.1474039723969511,视频,天气
-1.2012479763077488,视频,翻译
-1.1921468025401818,视频,食谱
-0.9701180689675477,视频,节目
-1.0498487205674487,视频,新闻
-1.0780593529662865,网站,火车
-1.10380226384118,视频,聊天
-0.9731402989892463,视频,诗歌
-1.005951873513506,视频,聊天
-1.0392205133508625,视频,节目
-0.9856083516111266,网站,app
-1.2331536032336703,视频,食谱
-0.9523340234488991,视频,诗歌
-1.0736237189248172,网站,股票
-1.0781285121445858,视频,节目
-1.0374999089221657,时间,天气
-1.0478996302051677,时间,天气
-1.2816616315471272,视频,食谱
-1.069989111604985,电话,翻译
-1.1958416408093062,网站,email
-1.068481357219527,网站,日程
-1.02602829627578,视频,计算
-1.0357556648438915,视频,诗歌
-1.1594208214815036,视频,新闻
-1.11815752054973,网站,聊天
-1.1337475358942555,视频,新闻
-1.017642186775301,视频,日程
-0.9782105571163209,视频,诗歌
-1.04009331862509,联络,计算
-1.1104956444855487,视频,聊天
-1.102359515190374,视频,翻译
-0.9592276033513387,视频,聊天
-1.1808721910449176,视频,食谱
-1.1661087899851348,视频,食谱
-0.988478603879974,视频,诗歌
-1.1412760471910224,视频,聊天
-0.9514268707732239,视频,聊天
-1.10478556444177,网站,公交
-0.9555709989558745,视频,诗歌
-1.1260769561962085,视频,股票
-1.0139317978416045,视频,聊天
-1.188931488208761,视频,节目
-0.9649594461484275,视频,诗歌
-1.0734334261311032,视频,电视频道
-1.2044147046753562,视频,食谱
-1.0897865260651882,视频,聊天
-0.9878946277317959,视频,节目
-1.1938994588451917,健康,食谱
-1.0514732337873467,时间,火车
-1.0726652304121314,视频,短信
-1.1317144407572517,健康,聊天
-0.9793494341393396,视频,聊天
-1.0539369117586612,视频,股票
-1.0806900504686823,视频,email
-0.9978185798929926,视频,聊天
-0.9868135396243902,视频,谜语
-1.203791343925774,视频,聊天
-1.0383066874838411,电话,聊天
-1.0270896819852595,视频,聊天
-1.2284496861305731,视频,聊天
-0.9956377026359873,视频,聊天
-0.9876441138901958,视频,app
-1.1529152483963763,视频,聊天
-1.0761244616626953,视频,诗歌
-1.0446308405544316,视频,音乐
-0.964895697628395,视频,电影
-1.2445359575067245,视频,翻译
-0.9729045274920397,视频,食谱
-1.1206031701642,视频,地图
-1.066689984143895,视频,聊天
-1.218294428467576,视频,翻译
-1.0127123105719764,联络,日程
-1.073509827504258,视频,聊天
-0.9566094331744315,视频,聊天
-1.053846457523512,视频,诗歌
-0.9818876942532709,视频,新闻
-1.1306604571449017,视频,聊天
-0.9768138120883997,视频,音乐
-1.0470616657818064,网站,地图
-1.1635035026765823,视频,食谱
-1.208066281575538,视频,翻译
-1.0524232813043048,视频,聊天
-1.0592347550517682,视频,聊天
-1.0178918355786442,视频,节目
-1.0485565061167066,网站,火车
-1.1632125150290125,视频,聊天
-1.0546563880853648,视频,诗歌
-1.0959882172993631,视频,聊天
-1.0693315649558628,电话,短信
-1.0970205609004542,视频,食谱
-1.0410545296829157,视频,地图
-1.1862397082532437,视频,聊天
-1.0160356161578232,联络,食谱
-1.2098300936321105,视频,食谱
-1.0617511153407315,网站,火车
-1.143078205990944,视频,地图
-1.1673871519166306,视频,节目
-1.0672788498850951,健康,食谱
-1.0801979839272493,视频,翻译
-0.9794777869756992,视频,聊天
-0.9758636259999378,视频,诗歌
-0.9616772401474123,视频,音乐
-0.9951850254307193,视频,翻译
-1.172064461107699,视频,地图
-1.156063456091085,视频,新闻
-0.9806171933916025,视频,音乐
-1.2196985217634955,视频,地图
-0.9820673968905211,视频,诗歌
-0.9622973646064674,视频,节目
-0.9611394063938482,视频,聊天
-1.0216576271710607,视频,诗歌
-1.0646116137885406,网站,股票
-1.0490761190845208,网站,股票
-1.0601935321428175,网站,飞机
-1.088127972347477,网站,火车
-1.001054555577274,视频,音乐
-1.026376046070994,视频,聊天
-1.097485143735207,网站,食谱
-1.0695346282832146,电话,短信
-0.9607896527921422,视频,电影
-1.0610199988752171,网站,火车
-0.9813358601426871,视频,节目
-1.0394568415113312,网站,聊天
-0.9920164749911278,网站,app
-1.199938360506517,视频,节目
-1.1975425729620055,视频,食谱
-1.0530329168738708,网站,食谱
-1.034008871134041,视频,节目
-1.0482888457511848,视频,抽奖
-1.094359979117452,健康,聊天
-1.050910266862123,视频,食谱
-1.0767636964338696,视频,食谱
-0.9642403746876893,视频,小说
-0.9884466232013465,电话,短信
-1.0803430606243052,健康,食谱
-1.0208738658582575,视频,节目
-1.0157710676248628,视频,食谱
-1.0028272702569025,联络,聊天
-1.1838524055404716,视频,飞机
-0.9831146728846297,视频,诗歌
-0.9636532526681212,视频,翻译
-1.203974195248136,视频,聊天
-1.2601989676477707,视频,聊天
-1.0410004627148526,视频,新闻
-0.9985121353966477,视频,谜语
-1.081214763960371,视频,食谱
-1.0652234143544053,网站,飞机
-1.0222608657406511,视频,抽奖
-1.0719950622410455,视频,食谱
-0.9499205990547163,视频,电视频道
-1.0892138894450096,健康,食谱
-1.0593859939834904,网站,火车
-1.0089836028453507,视频,食谱
-1.042776662284409,视频,聊天
-1.2252065057549493,视频,翻译
-1.09916027788997,视频,聊天
-1.1752076934881182,视频,聊天
-1.165283825934882,视频,email
-1.0550182897706342,健康,食谱
-1.1586749515438481,视频,电台
-1.0967607325574167,网站,地图
-1.0961746208777607,健康,食谱
-1.0410545505037656,视频,股票
-0.9639207173519564,视频,聊天
-1.1024251220933325,网站,app
-1.0471607857554521,时间,天气
-1.0659837687100397,网站,火车
-1.077657021357971,视频,节目
-1.244784974070829,视频,食谱
-1.0322544633370432,网站,地图
-1.0794454387267913,视频,食谱
-1.1386406707742112,视频,地图
-1.0551975111767402,时间,天气
-1.053975223736551,网站,火车
-1.052292810341879,联络,聊天
-0.9685473678994722,视频,音乐
-1.1565886681559836,视频,抽奖
-1.1322430948040532,视频,聊天
-1.1989237603380725,视频,聊天
-1.0220626131731898,视频,电视频道
-1.0806329427984784,网站,地图
-0.9578165294461357,视频,电影
-1.0495199867591167,视频,股票
-0.979945360701825,视频,新闻
-0.99766037744032,视频,电视频道
-1.0831156414589262,视频,聊天
-1.0544237205395692,网站,股票
-1.0210085504604838,视频,诗歌
-0.9757908290755954,视频,音乐
-1.0637741411825192,比赛,节目
-1.0133715035433888,视频,电视频道
-1.157675225664908,视频,聊天
-1.0163064490691907,视频,节目
-1.1286564472242486,视频,聊天
-0.9825816687314507,视频,谜语
-1.1329981635726643,视频,聊天
-0.9845342292326356,视频,谜语
-0.955258459678151,视频,节目
-0.9685695844641307,视频,电影
-1.0508717943253343,视频,聊天
-0.9639501113226523,视频,聊天
-1.059342346245044,网站,地图
-1.2504519032280696,视频,聊天
-1.0242847516134268,联络,聊天
-1.0013682745836947,视频,聊天
-1.1168224348043037,视频,翻译
-1.0274038458130605,视频,聊天
-0.9997480776306853,视频,电视频道
-1.04832515878953,时间,天气
-0.983918857038355,视频,聊天
-1.1357835306512085,视频,聊天
-1.107381759459801,视频,新闻
-1.0072645376763567,视频,聊天
-1.0987955702480088,视频,食谱
-1.125227378291589,视频,诗歌
-1.0094616378856331,视频,节目
-1.2403815189668839,视频,食谱
-1.2182215824219973,视频,食谱
-1.0932288594342228,健康,食谱
-1.0041264843311546,视频,食谱
-0.986193696570307,视频,音乐
-0.9812297926565803,视频,翻译
-1.1086025009171583,电话,聊天
-0.9741445354779191,视频,新闻
-1.057233304067752,视频,新闻
-1.1627241076969346,视频,食谱
-1.0576829492667992,网站,地图
-1.2046009227927137,视频,诗歌
-0.9698507173733679,视频,翻译
-1.120105155946755,视频,地图
-1.0399400044986704,网站,地图
-1.0461933718929393,视频,股票
-0.9866509051004826,视频,节目
-1.0589049560724602,网站,地图
-1.1787902128197958,视频,食谱
-1.1857005839620056,视频,聊天
-1.2755687512846898,视频,聊天
-1.090636667636763,网站,地图
-1.1968532604804933,视频,食谱
-0.9694881680707519,视频,电视频道
-0.9924490092269599,视频,音乐
-1.0038978655860609,视频,计算
-1.014112960182146,视频,email
-0.9649688980642488,视频,节目
-1.0450851834060682,时间,诗歌
-1.0899951469834719,健康,聊天
-1.0679017334324692,网站,地图
-1.068148087510962,网站,飞机
-1.1815513958520163,视频,聊天
-0.9892036624897514,网站,电视频道
-1.1068086094497807,视频,email
-1.0398092998700064,网站,火车
-0.9740589201952019,视频,电影
-0.9979300672710512,视频,聊天
-1.0413365719203878,视频,股票
-1.115251713166457,视频,节目
-0.9552192766851977,视频,小说
-0.9636546039391722,视频,电影
-1.0482345001868583,网站,聊天
-1.2490908573943105,视频,谜语
-1.0376673080103438,视频,音乐
-0.9763359053628937,视频,聊天
-0.9662269355928231,视频,聊天
-1.0488518740012132,时间,天气
-1.0742916537640315,视频,聊天
-1.1464973359986586,视频,聊天
-0.9850235082590751,视频,诗歌
-0.9626058357943844,视频,小说
-0.9556898198335226,视频,小说
-1.1768268256660268,视频,节目
-1.1367193313251263,视频,电台
-1.1488730652846753,视频,谜语
-1.132545407324507,视频,食谱
-0.9754741242013132,视频,谜语
-1.0006651603678256,联络,短信
-1.1630568509047337,视频,聊天
-1.0375840917282093,视频,食谱
-0.9654846329031731,视频,聊天
-1.1521779600398099,网站,公交
-0.9843955227643795,视频,节目
-1.0864340974000903,视频,食谱
-1.008386192821951,视频,计算
-1.050359970091853,视频,音乐
-1.1679494083886197,视频,聊天
-1.1925260961989124,视频,翻译
-1.029139713979482,视频,聊天
-1.1215925254810215,视频,聊天
-1.2472432053760982,视频,聊天
-1.2075861978732552,视频,聊天
-1.1887893763948185,视频,聊天
-1.0320191864647492,视频,聊天
-1.136226275052354,视频,食谱
-1.052655552876925,视频,食谱
-1.0033257181748079,视频,聊天
-0.9818492986380308,视频,音乐
-1.222630655420946,视频,聊天
-0.9771115082595191,视频,聊天
-1.1486272229721695,视频,聊天
-0.9788592250418633,视频,聊天
-1.043658144956969,视频,聊天
-1.0493611524629085,网站,股票
-0.955262963342108,视频,食谱
-1.0113098505168474,视频,电台
-1.0195128252973702,联络,email
-1.0471990887254288,网站,火车
-0.9958779546816452,视频,聊天
-1.2640401279193594,视频,食谱
-1.2093209527642572,视频,食谱
-0.9760706510619819,视频,节目
-0.9777264311469166,视频,电视频道
-1.1237652812827832,视频,聊天
-1.0150655415239664,视频,谜语
-0.9899644532246962,联络,短信
-1.1090890920570569,网站,地图
-1.2921793061691482,视频,食谱
-1.0136100550526823,视频,聊天
-1.280547670656301,视频,聊天
-1.0799293730999084,视频,email
-0.9815235094177949,视频,音乐
-1.0553873788692827,网站,飞机
-0.9798029160508765,网站,火车
-1.1414132159030292,视频,电台
-0.9712621478603595,视频,音乐
-1.0513043153763033,网站,火车
-1.202719832977396,视频,食谱
-0.9690618966767675,视频,音乐
-1.0225724538488454,电话,短信
-1.039559435064361,时间,天气
-1.2609748028088426,视频,食谱
-1.1014801427845256,视频,日程
-0.9739222739321327,视频,翻译
-1.1257097628834474,视频,聊天
-1.0644507903525975,网站,股票
-1.0607939427133402,网站,飞机
-1.0512143684450472,电话,短信
-1.0022389564442966,网站,地图
-1.0129243405017068,视频,电视频道
-1.0286808480212768,视频,计算
-1.0492620364354779,健康,食谱
-0.9821970898060037,视频,聊天
-1.2937511492073621,视频,食谱
-1.0488847919785158,网站,火车
-0.9661491357229155,视频,小说
-0.9765447011360295,视频,电视频道
-0.9914607250241898,视频,节目
-0.9928469448876036,视频,节目
-1.1554720988895817,视频,聊天
-1.1710476926835773,视频,股票
-1.071154912844929,网站,飞机
-0.9821753106941319,视频,聊天
-1.2756790960482027,视频,诗歌
-1.0217297812198545,视频,节目
-1.052292810341879,联络,聊天
-1.0224607782134219,联络,短信
-1.0835277999849837,健康,食谱
-1.0320568739714653,视频,抽奖
-0.9948771708801518,联络,抽奖
-1.1200569553125983,视频,新闻
-1.154927572037391,视频,新闻
-1.0620558321636095,网站,火车
-1.2206541409299232,视频,聊天
-1.0696021051300577,健康,日程
-0.9610683080643693,视频,app
-1.088044782529541,视频,食谱
-0.9878036928360583,视频,诗歌
-1.2365714996327766,视频,食谱
-0.9656369514299883,视频,诗歌
-1.0529184669668479,视频,聊天
-1.0819888204664099,视频,翻译
-1.0543319700110683,视频,聊天
-1.252308934752856,视频,聊天
-1.1296986140636904,视频,聊天
-1.0572104001432865,网站,聊天
-0.9987647212788578,健康,谜语
-1.125001590890991,视频,食谱
-0.9650895115335058,视频,音乐
-1.1784113831194059,视频,email
-0.964489687186188,视频,聊天
-1.0708833314428658,网站,电视频道
-1.0724704912388645,电话,email
-0.978812798913183,视频,聊天
-1.0585406195765752,网站,火车
-1.17679750223123,视频,聊天
-1.1574335421747088,视频,节目
-1.0968516762333185,视频,食谱
-1.093883498513009,网站,地图
-1.2396662377041316,视频,聊天
-1.1994525161452962,视频,食谱
-0.9833791033752741,视频,节目
-1.1347753272375347,健康,食谱
-1.0483458606551461,时间,天气
-0.9619547409218114,视频,聊天
-0.9692234335348774,视频,聊天
-1.090912685351935,视频,飞机
-1.2507726219995512,视频,食谱
-1.2126012333864944,视频,食谱
-1.0209846293207252,视频,新闻
-1.1403864883332724,视频,地图
-1.0395867105771104,视频,火车
-1.100186142450219,视频,食谱
-0.9821813838641423,视频,食谱
-1.1627234666771196,视频,诗歌
-0.9979150981830079,视频,节目
-1.110750373898716,视频,食谱
-1.0250497297517176,视频,食谱
-1.0756337707810055,网站,公交
-0.945494875791104,视频,聊天
-0.9869005524889598,视频,食谱
-0.988841452510974,视频,谜语
-1.0579674501018723,网站,地图
-1.087972929856573,视频,电台
-1.0248017452801885,视频,食谱
-1.0578627224995862,视频,聊天
-1.1073009149388606,视频,电台
-1.0772756304748587,时间,天气
-0.965544524270474,健康,日程
-0.978670056877333,视频,聊天
-1.0508113565528867,视频,聊天
-1.0667012999487064,视频,app
-1.0441469450970084,时间,天气
-1.0794588287857565,视频,聊天
-1.0353787643099908,视频,聊天
-1.0537279012043452,网站,公交
-1.0484428165054291,网站,天气
-1.0636949509012879,时间,天气
-1.0627085252456927,视频,聊天
-1.179703686956151,视频,诗歌
-1.2666354254791528,视频,食谱
-1.1400083904355813,视频,聊天
-1.1569262668066806,视频,翻译
-1.2881837328858556,视频,聊天
-1.0388904044718652,视频,email
-1.0258366924645226,视频,诗歌
-0.9638323353791529,视频,谜语
-1.0219926060978846,视频,聊天
-1.045298916550745,网站,火车
-0.9627677718281802,视频,诗歌
-1.1817783686533478,视频,飞机
-0.9722190667000661,视频,聊天
-1.1501106895127662,视频,翻译
-1.0785268925980547,视频,食谱
-1.0461396072508278,视频,飞机
-1.0103941278446054,联络,短信
-1.1057755382784733,视频,聊天
-0.9497688007659209,视频,音乐
-1.1093051141067585,视频,食谱
-1.0782739309811864,电话,聊天
-1.0645743708420858,视频,股票
-1.073892177134062,视频,节目
-1.1180441015137021,视频,聊天
-0.9696754645512524,视频,聊天
-1.2049681060561928,视频,食谱
-0.9560342639191655,视频,聊天
-1.1385124644927174,视频,app
-1.063637681120192,时间,天气
-1.0470928149522143,视频,电台
-1.2704507410393737,视频,食谱
-1.0583036037026405,视频,聊天
-0.9632652111633151,视频,音乐
-1.0590100171826564,视频,天气
-1.1680964719048919,健康,食谱
-1.0585240206890947,网站,公交
-0.975803688848894,网站,app
-1.0924336977992635,视频,食谱
-1.117288200526173,视频,诗歌
-0.97123612761704,视频,新闻
-0.9815220269477504,视频,聊天
-1.0556572912732118,网站,飞机
-1.0372433625979538,时间,天气
-1.2284910727873164,视频,食谱
-1.1675980560898376,视频,app
-1.0785663946751627,视频,小说
-1.0691991796690745,网站,飞机
-0.9703454658269438,视频,新闻
-1.0347774715650577,视频,股票
-1.1213383818258644,视频,聊天
-1.2218098344913089,视频,翻译
-0.9638400174385753,视频,电影
-1.111421101940354,健康,食谱
-1.143371483366992,视频,聊天
-0.9662127938521692,视频,app
-0.9676052364359607,视频,音乐
-0.9584220291880348,视频,新闻
-0.9638819049905927,视频,聊天
-0.9677572887855213,视频,音乐
-1.2159795355072895,视频,聊天
-0.9732653610871361,视频,新闻
-1.1227081895128066,视频,日程
-1.081311074690285,视频,食谱
-1.0151882523264504,视频,诗歌
-1.0363460973492935,视频,诗歌
-1.138046961608818,视频,谜语
-0.9714447118423355,视频,聊天
-1.0796912370093246,视频,股票
-0.9593982166398296,视频,音乐
-1.0549315642603463,网站,火车
-1.0557049692419915,网站,公交
-1.181752479049637,视频,聊天
-1.035963052509468,视频,短信
-1.0101260007220838,视频,聊天
-0.997840141358717,视频,电视频道
-1.0626090527820133,健康,食谱
-0.9654335666728124,电话,聊天
-0.9560310962805942,视频,聊天
-0.9708116899565624,视频,音乐
-1.0690030169172005,网站,地图
-1.076885248837391,健康,食谱
-1.0272676825856735,视频,食谱
-1.0599827095257397,时间,天气
-1.1008174848824386,视频,计算
-1.0485012568498748,时间,天气
-1.2364733545937368,视频,电视频道
-1.1144136668854618,视频,股票
-1.1994754323488437,视频,聊天
-1.0536044811262193,网站,火车
-1.1549979541523219,视频,聊天
-1.1860242241458068,视频,新闻
-1.0094885902416963,网站,电视频道
-1.215072827407412,视频,翻译
-1.1666940347193606,视频,节目
-0.9774116675223192,视频,聊天
-1.0741936351445664,视频,诗歌
-1.1388807639920764,视频,聊天
-1.0573364618111012,网站,天气
-0.9979637937154326,视频,音乐
-1.0905895653986177,健康,食谱
-0.983821679777366,视频,音乐
-0.9766518059659066,视频,节目
-0.9571894502957375,视频,音乐
-1.050116814666199,电话,谜语
-1.1455521793070498,视频,聊天
-1.0612019750620025,视频,聊天
-1.0777445361699507,网站,火车
-1.2644305184589417,视频,食谱
-1.0561969574182044,网站,火车
-1.180985346277426,视频,食谱
-1.0684131386761164,视频,食谱
-1.169299755968545,视频,电视频道
-1.108219528256155,健康,食谱
-1.1895096254542001,视频,食谱
-1.062862710196633,视频,电视频道
-1.2141366787141132,视频,翻译
-0.9811571706856965,视频,新闻
-0.9627167278076285,视频,诗歌
-1.0554806092150735,视频,聊天
-1.1657944892112386,视频,节目
-1.003054657606087,联络,聊天
-1.217658417757796,视频,食谱
-1.2176040535264026,视频,节目
-1.0923738959887292,视频,聊天
-1.1693455429999196,健康,聊天
-1.2169160059094088,视频,食谱
-1.0104521077648492,视频,聊天
-1.139069717996853,视频,短信
-0.9941821564364295,视频,短信
-0.9759528630047525,视频,诗歌
-1.145499892777711,视频,诗歌
-1.068790580107756,网站,飞机
-1.097489264896565,视频,地图
-1.067017869801643,网站,聊天
-1.0506495236038418,网站,火车
-1.053765351741781,视频,诗歌
-1.0479327043271158,时间,天气
-0.9721018300346238,视频,音乐
-0.9709552928225931,视频,诗歌
-1.019558422071373,视频,翻译
-1.111669323181543,视频,聊天
-1.0851674908058884,视频,聊天
-1.0721251359524082,视频,翻译
-0.976113797062667,视频,电影
-1.047462492858574,网站,app
-1.2728368783496122,视频,app
-0.9912013479698153,视频,节目
-0.9775893963595556,视频,电影
-1.0408771037423983,视频,聊天
-1.0425700440579133,视频,聊天
-1.0764981734144983,网站,火车
-1.0538323844972557,网站,股票
-1.0029575749420605,视频,食谱
-1.2158112142094573,视频,聊天
-1.1762688238444663,网站,日程
-1.060144591032875,网站,飞机
-0.9768123718527351,视频,诗歌
-0.9686456932260011,视频,聊天
-1.0915068891524293,网站,聊天
-1.072981209896299,视频,电视频道
-0.9599527582946626,视频,小说
-1.0720704270794994,视频,计算
-1.054398306567821,网站,火车
-1.081461195812199,网站,股票
-1.0668200287570033,网站,飞机
-1.0254338019170484,视频,音乐
-1.0931362044314215,视频,食谱
-1.000868562405943,视频,聊天
-1.1148987595546997,视频,股票
-1.0611359130267033,视频,食谱
-1.054370512273532,网站,飞机
-1.0667350384009282,网站,股票
-1.1040818455757306,视频,聊天
-1.1107077665154472,视频,电台
-1.042667074315648,比赛,计算
-1.046759991283094,时间,天气
-1.0067822002280908,视频,聊天
-1.2295244308232265,视频,食谱
-1.1561753316630266,视频,抽奖
-1.1235361919146176,视频,食谱
-1.1204383079307718,视频,email
-1.0350603101809082,网站,聊天
-1.0202844208624566,视频,日程
-1.2991823760904366,视频,聊天
-1.053434705156139,网站,火车
-1.128378631970998,网站,地图
-1.1078990661613641,视频,聊天
-0.9630065719875279,视频,诗歌
-1.1633435688410132,视频,食谱
-0.9684833049051251,视频,音乐
-0.9701178703541071,健康,谜语
-1.0681843414357515,网站,飞机
-1.1646202428867234,视频,食谱
-0.9802931582416561,视频,聊天
-1.0329668989158172,视频,电视频道
-0.9787884231802024,健康,食谱
-1.1712608612428848,视频,聊天
-0.9739818950007744,视频,聊天
-1.049050658670749,网站,股票
-1.1321500113293748,视频,股票
-1.0852508895461306,视频,聊天
-0.9795999003187443,视频,新闻
-1.0091602550591758,视频,聊天
-1.2195400819944986,视频,食谱
-1.1547179064956674,视频,聊天
-0.9909471118257761,网站,新闻
-1.1034938903611817,视频,食谱
-1.1114228295515105,视频,音乐
-0.9885320156038928,视频,电视频道
-1.0954567604100511,健康,食谱
-1.14755086623392,健康,日程
-1.1838899233495686,视频,聊天
-0.9612301581829212,视频,小说
-1.1689121369965227,视频,食谱
-1.098623530723178,视频,电视频道
-0.9833756136696994,视频,食谱
-1.1916194981269286,视频,食谱
-0.9860029900692314,联络,短信
-1.14247128797658,视频,短信
-1.051340105994963,网站,火车
-0.9659655833961214,视频,电视频道
-1.0495208600031263,视频,app
-1.167538452576133,视频,食谱
-0.9527779387978008,视频,诗歌
-1.025750094304661,联络,短信
-1.1496132922319637,电话,短信
-1.044137837726594,时间,天气
-0.9659408016975135,视频,聊天
-0.9914766593267734,联络,短信
-1.0360653397793727,视频,公交
-1.1053428484841912,视频,食谱
-0.9822930804940935,网站,app
-0.9848048010896167,视频,音乐
-0.9558394091767772,视频,诗歌
-1.0125872523054427,网站,app
-1.0442105322007897,时间,天气
-1.0972560298800749,视频,日程
-1.0812256700739813,视频,聊天
-1.1031218969241512,视频,聊天
-0.9634429756744674,视频,诗歌
-1.2361521914408167,视频,聊天
-1.06715270001154,网站,地图
-0.9712648202152969,视频,聊天
-0.9616772401474121,视频,电视频道
-1.1172944988660667,视频,节目
-1.0707304139398233,视频,日程
-1.0290944718348176,视频,聊天
-1.048808497221864,时间,天气
-1.0520578129993816,网站,地图
-0.9865674542420294,视频,聊天
-1.0626448232372268,网站,火车
-1.113920180068785,健康,食谱
-1.1986660807991658,视频,app
-0.970199930137251,视频,音乐
-0.962840870203105,视频,聊天
-1.0684298827694028,网站,股票
-1.020187731478857,视频,食谱
-1.1022344645104587,网站,app
-1.0206070781506957,视频,谜语
-1.0311939129335397,视频,聊天
-1.0616689601442508,网站,飞机
-1.0631062548583825,网站,飞机
-1.0442117056314122,网站,app
-1.176561798833252,视频,聊天
-1.0602840706187162,网站,飞机
-0.9685391091184563,视频,诗歌
-1.050115709683743,电话,短信
-1.0343792561386542,网站,股票
-0.9830679523891531,视频,新闻
-0.9579102480556214,视频,食谱
-1.0089295299769607,视频,音乐
-1.143405548203263,视频,节目
-1.0828758030870178,视频,email
-1.0940210563928363,视频,电视频道
-1.2767078191091836,视频,电视频道
-1.0963757205802227,健康,食谱
-0.9771572435556362,视频,聊天
-1.0633481070330917,比赛,电视频道
-1.024904481617328,视频,聊天
-1.1606321131739115,视频,聊天
-1.0395996110448558,视频,聊天
-0.9503857787662275,视频,聊天
-1.122383057862502,视频,新闻
-0.9860029900692314,联络,短信
-1.0296999559155295,健康,聊天
-1.0545959868305812,健康,食谱
-1.0716074091031689,视频,聊天
-1.2345710858088121,视频,食谱
-1.0477552854051084,网站,火车
-1.2094587605158065,视频,翻译
-1.0746650099281454,视频,翻译
-1.2417242042042418,视频,诗歌
-0.9479346472455358,视频,聊天
-1.0562379161257676,视频,聊天
-0.9609169225350882,视频,聊天
-1.1673931714598644,视频,地图
-1.0208259353794955,视频,节目
-1.0527818224805725,视频,email
-0.9603712057562337,视频,电影
-1.0434821528252678,网站,电视频道
-0.9685015940276507,视频,聊天
-1.0547020101063187,网站,飞机
-1.0197309099482368,比赛,计算
-0.9676436787251002,视频,聊天
-1.2005275573579193,视频,食谱
-1.189564706291796,视频,电台
-0.9658049486881183,视频,电影
-1.1585968743202213,视频,电视频道
-1.0499298366702483,时间,天气
-1.1089964841849405,视频,股票
-1.1753738425039666,视频,日程
-0.9713722415526524,视频,节目
-1.0949901829270656,视频,食谱
-1.2597391172392456,视频,聊天
-1.1363648989824404,视频,食谱
-1.0430873341151854,视频,飞机
-1.0074851128095612,视频,抽奖
-1.0139858337727299,视频,日程
-0.9612842094983757,视频,食谱
-1.2602793346827872,视频,电视频道
-1.0843637808161908,视频,诗歌
-1.011010354518135,视频,音乐
-1.2167207736744259,视频,食谱
-1.216696441136476,视频,食谱
-1.263535459317614,视频,聊天
-1.147844649997603,视频,聊天
-1.06909670515746,网站,飞机
-1.0101685421239244,视频,聊天
-1.0208932131174087,视频,谜语
-1.1292292096627787,视频,食谱
-1.1224145007940178,视频,节目
-1.2472722690830604,视频,食谱
-1.1989489033307428,视频,食谱
-1.165013758569248,视频,股票
-0.9909165219182992,视频,电视频道
-0.9881993818211254,视频,聊天
-1.0335741240114693,视频,电视频道
-1.0667608606676995,时间,聊天
-1.0459667183487469,视频,股票
-1.001267033257677,比赛,比赛
-0.9979958297346749,比赛,比赛
-0.9939564623089602,比赛,比赛
-0.9926417549626603,比赛,比赛
-0.988740871407835,比赛,比赛
-0.9971506346954968,比赛,比赛
-1.001267033257677,比赛,比赛
-0.9926417549626603,比赛,比赛
-0.9939564623089601,比赛,比赛
-0.9926417549626603,比赛,比赛
-0.9859448653206467,网站,网站
-1.2365731699952283,视频,网站
-0.9834988424675235,网站,网站
-0.9782897726409351,网站,网站
-0.9775322648693885,网站,网站
-0.975056784578699,网站,网站
-1.119686657157994,网站,网站
-0.9734898923526052,网站,网站
-0.9696517945483037,网站,网站
-0.9758263938386061,网站,网站
-0.9808299470511652,网站,网站
-0.9789619153173096,网站,网站
-0.9726078658119164,网站,网站
-1.0448945581343818,网站,网站
-0.9745101623755492,网站,网站
-0.9870998811262423,网站,网站
-0.9793686771743199,网站,网站
-0.9758941321732696,网站,网站
-1.0720261612386075,视频,网站
-1.076556632087749,健康,网站
-1.0269221448520767,网站,网站
-0.9666553069763915,网站,网站
-0.9777726134479717,健康,健康
-0.9722911099639779,健康,健康
-0.9701512871907172,健康,健康
-0.9731791275932317,健康,健康
-0.9686678018955263,健康,健康
-0.9830733709141549,健康,健康
-0.9731692236676652,健康,健康
-0.971625556587721,健康,健康
-0.9671781165223428,健康,健康
-0.9911717665529751,健康,健康
-0.9750799905886304,健康,健康
-1.2029695478013327,健康,健康
-0.9842928748335271,健康,健康
-0.9684979623860235,健康,健康
-0.9651470335941935,健康,健康
-0.9713871535900394,健康,健康
-0.9994522533193868,健康,健康
-0.9671969961288756,健康,健康
-1.0000061010355266,健康,健康
-0.9851772580536888,健康,健康
-0.9908135974480066,健康,健康
-0.9686678018955263,健康,健康
-1.0172693937744366,电话,电话
-0.9802407012749406,电话,电话
-0.9787177257255818,电话,电话
-1.0031931403939907,电话,电话
-0.9677725679452538,电话,电话
-0.9787177257255818,电话,电话
-0.9787177257255818,电话,电话
-0.978717725725582,电话,电话
-0.9749459355368248,电话,电话
-0.9765337855435663,电话,电话
-0.9787177257255818,电话,电话
-0.974285432019099,电话,电话
-0.9689903463535148,电话,电话
-0.9715553961436278,电话,电话
-0.9845168195082732,电话,电话
-0.9787177257255818,电话,电话
-1.0212877892074617,电话,电话
-0.9742854320190988,电话,电话
-0.9821653597908924,电话,电话
-1.0069259061444558,联络,电话
-0.9685444908771919,电话,电话
-0.9787177257255818,电话,电话
-1.0949942027776958,电话,电话
-0.9687262969550121,电话,电话
-0.9737486523701457,电话,电话
-0.9598519687525482,视频,视频
-0.9901247504445438,视频,视频
-1.0017655585788092,视频,视频
-0.9715931855715683,视频,视频
-0.9543673923687737,视频,视频
-0.9751057603515539,视频,视频
-0.9671742664732615,视频,视频
-0.9693382163556346,视频,视频
-0.9712515364637104,视频,视频
-0.9655560829519754,视频,视频
-0.9519132347114179,视频,视频
-0.9691660119121609,视频,视频
-0.9687085132287896,视频,视频
-0.9603982024017348,视频,视频
-0.954438069746875,视频,视频
-0.97987815925711,视频,视频
-0.9778981857088181,视频,视频
-0.9631583533797535,视频,视频
-0.9716593971941176,视频,视频
-0.9559257624231661,视频,视频
-0.9676731892917104,视频,视频
-0.9678567730241185,视频,视频
-0.9814812153103212,视频,视频
-0.9759024788494515,视频,视频
-1.0560941783174216,视频,视频
-1.0466124799520693,视频,视频
-0.9742576627406997,视频,视频
-0.9769062324837595,视频,视频
-0.974104957134923,视频,视频
-0.9920179342913673,视频,视频
-0.96465932974387,视频,视频
-0.9637250926604096,视频,视频
-0.9549277474027358,视频,视频
-0.9757173913073643,视频,视频
-0.9687999166416136,视频,视频
-0.977092479767518,视频,视频
-0.960050867560161,视频,视频
-1.0780321500885726,视频,视频
-0.9663920117799318,视频,视频
-0.9553801938172441,视频,视频
-1.0144663110183083,比赛,视频
-0.9691610975537943,视频,视频
-1.0412113831754264,视频,视频
-0.9843548286079173,视频,视频
-0.9538571987375472,视频,视频
-1.006057075415057,视频,视频
-1.0799330215146559,网站,视频
-0.9621245744531356,视频,视频
-1.23630990914046,视频,视频
-0.9583515945459717,视频,视频
-0.9592719739780143,视频,视频
-0.9679246661797694,视频,视频
-0.9618535443682663,视频,视频
-1.1518051289189848,视频,视频
-0.9609467492351136,视频,视频
-0.9734937664241301,视频,视频
-0.9559159008070461,视频,视频
-0.9639287641337668,视频,视频
-0.9821579315189922,视频,视频
-0.9752263414286121,视频,视频
-0.9605773473304314,视频,视频
-0.9789330091336869,视频,视频
-0.9645169384517802,视频,视频
-0.9581962659050163,视频,视频
-0.9578541997732885,视频,视频
-0.9631954027327639,视频,视频
-0.964561618127951,视频,视频
-0.9610588126259371,视频,视频
-0.9670425208371242,视频,视频
-0.9719708173589872,视频,视频
-0.9739759681525013,视频,视频
-0.9476242532455608,视频,视频
-1.0055774504850592,视频,视频
-1.0362841586557283,时间,时间
-1.0508506761952754,时间,时间
-1.0588919315674103,时间,时间
-1.0635060608060087,时间,时间
-1.0605934032436877,时间,时间
-1.0839128798101967,时间,时间
-1.0426196953073446,视频,时间
-0.9877554985006469,联络,联络
-0.9920115716954419,联络,联络
-0.9942831601506553,联络,联络
-1.0065035350811846,联络,联络
-1.0459085127774959,电话,联络
-0.9873590523682481,联络,联络
-0.9923417834651997,联络,联络
-0.9920115716954419,联络,联络
-0.9920115716954419,联络,联络
-0.9977223213774193,联络,联络
-1.1245321000197896,视频,联络
-0.9999929122074501,联络,联络
